anime_id,title,main_pic,score,completed_count,favorites_count
50522,Teikou Penguin,https://cdn.myanimelist.net/images/anime/1018/119890.jpg,,0,4
48495,Akachan Honbuchou,https://cdn.myanimelist.net/images/anime/1585/113558.jpg,,55,1
50141,Yoshida Katsuko no Yabai wa! SDGs: Araburu! Trouble! Sustainable!,https://cdn.myanimelist.net/images/anime/1996/118831.jpg,,45,0
51132,Akachan Honbuchou 2nd Season,https://cdn.myanimelist.net/images/anime/1657/121112.jpg,,18,0
40333,Uzumaki,https://cdn.myanimelist.net/images/anime/1432/105265.jpg,,0,240
42203,Re:Zero kara Hajimeru Isekai Seikatsu 2nd Season Part 2,https://cdn.myanimelist.net/images/anime/1724/117421.jpg,8.5,426404,10721
23273,Shigatsu wa Kimi no Uso,https://cdn.myanimelist.net/images/anime/3/67177.jpg,8.6,1364213,77265
4477,Nodame Cantabile: Paris-hen,https://cdn.myanimelist.net/images/anime/4/11918.jpg,8.1,90789,275
40417,Fruits Basket 2nd Season,https://cdn.myanimelist.net/images/anime/1972/111635.jpg,8.5,214802,4836
34280,Gamers!,https://cdn.myanimelist.net/images/anime/4/86828.jpg,6.8,398121,2007
37450,Seishun Buta Yarou wa Bunny Girl Senpai no Yume wo Minai,https://cdn.myanimelist.net/images/anime/1301/93586.jpg,8.2,1065190,40400
369,Boogiepop wa Warawanai,https://cdn.myanimelist.net/images/anime/1327/95777.jpg,7.1,33722,864
32664,Bananya,https://cdn.myanimelist.net/images/anime/11/80200.jpg,6.7,38664,327
17265,Log Horizon,https://cdn.myanimelist.net/images/anime/5/84004.jpg,7.9,651322,9841
934,Higurashi no Naku Koro ni,https://cdn.myanimelist.net/images/anime/12/19634.jpg,7.9,411189,19465
44273,Mewkledreamy Mix!,https://cdn.myanimelist.net/images/anime/1313/112427.jpg,7.9,0,11
16706,Kami nomi zo Shiru Sekai: Megami-hen,https://cdn.myanimelist.net/images/anime/6/51949.jpg,8.0,236576,1928
19429,Akuma no Riddle,https://cdn.myanimelist.net/images/anime/6/60479.jpg,6.6,152068,967
48556,Takt Op. Destiny,https://cdn.myanimelist.net/images/anime/1449/117797.jpg,7.2,134956,4124
37597,Dakaretai Otoko 1-i ni Odosarete Imasu.,https://cdn.myanimelist.net/images/anime/1402/95620.jpg,7.4,81873,1570
121,Fullmetal Alchemist,https://cdn.myanimelist.net/images/anime/10/75815.jpg,8.1,1004732,24337
34382,Citrus,https://cdn.myanimelist.net/images/anime/11/89985.jpg,6.4,266280,3344
1313,Digimon Adventure 02,https://cdn.myanimelist.net/images/anime/8/20360.jpg,7.2,186291,685
45576,Mushoku Tensei: Isekai Ittara Honki Dasu Part 2,https://cdn.myanimelist.net/images/anime/1028/117777.jpg,8.7,332233,12785
13601,Psycho-Pass,https://cdn.myanimelist.net/images/anime/5/43399.jpg,8.3,833007,35209
31592,Pokemon XY&Z,https://cdn.myanimelist.net/images/anime/1599/94412.jpg,7.7,94336,850
877,Nana,https://cdn.myanimelist.net/images/anime/2/11232.jpg,8.4,230545,22125
28891,Haikyuu!! Second Season,https://cdn.myanimelist.net/images/anime/9/76662.jpg,8.6,1033209,14803
4081,Natsume Yuujinchou,https://cdn.myanimelist.net/images/anime/1681/108439.jpg,8.3,201981,14154
33506,Ao no Exorcist: Kyoto Fujouou-hen,https://cdn.myanimelist.net/images/anime/5/85201.jpg,7.4,482005,1473
4898,Kuroshitsuji,https://cdn.myanimelist.net/images/anime/5/27013.jpg,7.6,673170,20999
36456,Boku no Hero Academia 3rd Season,https://cdn.myanimelist.net/images/anime/1319/92084.jpg,8.1,1558871,12702
24701,Mushishi Zoku Shou 2nd Season,https://cdn.myanimelist.net/images/anime/9/68095.jpg,8.7,115652,1272
440,Shoujo Kakumei Utena,https://cdn.myanimelist.net/images/anime/1078/95285.jpg,8.0,59881,6900
39597,Sword Art Online: Alicization - War of Underworld,https://cdn.myanimelist.net/images/anime/1630/103417.jpg,7.6,470182,3229
37999,Kaguya-sama wa Kokurasetai: Tensai-tachi no Renai Zunousen,https://cdn.myanimelist.net/images/anime/1295/106551.jpg,8.4,1014148,30458
10165,Nichijou,https://cdn.myanimelist.net/images/anime/3/75617.jpg,8.4,338426,20294
226,Elfen Lied,https://cdn.myanimelist.net/images/anime/10/6883.jpg,7.5,992927,22269
32526,Love Live! Sunshine!!,https://cdn.myanimelist.net/images/anime/8/80791.jpg,7.4,100872,2776
14741,Chuunibyou demo Koi ga Shitai!,https://cdn.myanimelist.net/images/anime/12/46931.jpg,7.7,856928,16369
18,Initial D Fourth Stage,https://cdn.myanimelist.net/images/anime/9/10521.jpg,8.1,112857,1104
245,Great Teacher Onizuka,https://cdn.myanimelist.net/images/anime/13/11460.jpg,8.6,391413,22574
39790,Adachi to Shimamura,https://cdn.myanimelist.net/images/anime/1649/109056.jpg,7.1,62523,1189
39963,Yubisaki kara Honki no Netsujou: Osananajimi wa Shouboushi,https://cdn.myanimelist.net/images/anime/1751/102212.jpg,6.1,13358,137
185,Initial D First Stage,https://cdn.myanimelist.net/images/anime/13/6801.jpg,8.3,188526,9042
39551,Tensei shitara Slime Datta Ken 2nd Season,https://cdn.myanimelist.net/images/anime/1271/109841.jpg,8.4,470695,9198
29095,Grisaia no Rakuen,https://cdn.myanimelist.net/images/anime/8/72855.jpg,7.8,269904,1992
48569,86 Part 2,https://cdn.myanimelist.net/images/anime/1321/117508.jpg,8.6,38717,5274
849,Suzumiya Haruhi no Yuuutsu,https://cdn.myanimelist.net/images/anime/5/75901.jpg,7.8,537223,14385
28171,Shokugeki no Souma,https://cdn.myanimelist.net/images/anime/3/72943.jpg,8.1,1110951,22685
50185,Ryman's Club,https://cdn.myanimelist.net/images/anime/1140/120215.jpg,7.5,0,279
57,Beck,https://cdn.myanimelist.net/images/anime/11/11636.jpg,8.2,147982,7530
1372,Taiho Shichau zo (TV),https://cdn.myanimelist.net/images/anime/4/16767.jpg,7.5,10038,169
37379,Chihayafuru 3,https://cdn.myanimelist.net/images/anime/1898/110709.jpg,8.4,58029,1255
2246,Mononoke,https://cdn.myanimelist.net/images/anime/3/20713.jpg,8.4,86816,6702
67,Basilisk: Kouga Ninpou Chou,https://cdn.myanimelist.net/images/anime/11/6793.jpg,7.5,87607,1302
35629,Skirt no Naka wa Kedamono Deshita.,https://cdn.myanimelist.net/images/anime/4/86647.jpg,5.3,24883,88
2828,Ie Naki Ko,https://cdn.myanimelist.net/images/anime/9/76757.jpg,7.8,5029,216
7058,Uragiri wa Boku no Namae wo Shitteiru,https://cdn.myanimelist.net/images/anime/4/26525.jpg,7.2,43280,920
5030,Maria†Holic,https://cdn.myanimelist.net/images/anime/1240/111304.jpg,7.0,88271,473
11785,Haiyore! Nyaruko-san,https://cdn.myanimelist.net/images/anime/6/49081.jpg,7.0,178290,1223
48580,Vanitas no Karte,https://cdn.myanimelist.net/images/anime/1401/118483.jpg,7.9,137648,4673
17074,Monogatari Series: Second Season,https://cdn.myanimelist.net/images/anime/3/52133.jpg,8.7,392875,21978
4382,Suzumiya Haruhi no Yuuutsu (2009),https://cdn.myanimelist.net/images/anime/8/75377.jpg,7.2,347385,2009
1564,Pokemon Advanced Generation,https://cdn.myanimelist.net/images/anime/1759/97378.jpg,7.1,142263,240
39535,Mushoku Tensei: Isekai Ittara Honki Dasu,https://cdn.myanimelist.net/images/anime/1530/117776.jpg,8.3,608575,20337
110,Chuuka Ichiban!,https://cdn.myanimelist.net/images/anime/6/75283.jpg,7.6,9196,105
38472,Isekai Quartet,https://cdn.myanimelist.net/images/anime/1965/99667.jpg,7.4,229644,963
27655,Aldnoah.Zero 2nd Season,https://cdn.myanimelist.net/images/anime/10/71297.jpg,6.9,228878,703
37521,Vinland Saga,https://cdn.myanimelist.net/images/anime/1500/103005.jpg,8.7,635015,30514
21,One Piece,https://cdn.myanimelist.net/images/anime/6/73245.jpg,8.6,0,156844
35484,Osake wa Fuufu ni Natte kara,https://cdn.myanimelist.net/images/anime/1684/108627.jpg,6.9,112346,330
2251,Baccano!,https://cdn.myanimelist.net/images/anime/3/14547.jpg,8.3,405115,22042
36649,Banana Fish,https://cdn.myanimelist.net/images/anime/1190/93472.jpg,8.5,328400,25302
31043,Boku dake ga Inai Machi,https://cdn.myanimelist.net/images/anime/10/77957.jpg,8.3,1413901,42410
8074,Highschool of the Dead,https://cdn.myanimelist.net/images/anime/11/78311.jpg,7.1,1070791,9117
32867,Bungou Stray Dogs 2nd Season,https://cdn.myanimelist.net/images/anime/5/88585.jpg,8.2,510681,5972
36513,Rokuhoudou Yotsuiro Biyori,https://cdn.myanimelist.net/images/anime/1015/90727.jpg,7.5,12260,133
5525,07-Ghost,https://cdn.myanimelist.net/images/anime/3/22605.jpg,7.2,122010,2016
2025,Darker than Black: Kuro no Keiyakusha,https://cdn.myanimelist.net/images/anime/5/19570.jpg,8.0,495218,15751
28927,Owari no Seraph: Nagoya Kessen-hen,https://cdn.myanimelist.net/images/anime/9/76632.jpg,7.6,555176,2661
527,Pokemon,https://cdn.myanimelist.net/images/anime/13/73834.jpg,7.3,406757,4561
223,Dragon Ball,https://cdn.myanimelist.net/images/anime/1887/92364.jpg,8.0,718691,13036
30544,Gakusen Toshi Asterisk,https://cdn.myanimelist.net/images/anime/5/76034.jpg,6.8,444566,2088
7655,Major S6,https://cdn.myanimelist.net/images/anime/2/75216.jpg,8.3,44359,449
7791,K-On!!,https://cdn.myanimelist.net/images/anime/12/76121.jpg,8.1,410129,13266
6547,Angel Beats!,https://cdn.myanimelist.net/images/anime/1244/111115.jpg,8.1,1426864,45677
20785,Mahouka Koukou no Rettousei,https://cdn.myanimelist.net/images/anime/11/61039.jpg,7.4,635401,10392
37993,Watashi ni Tenshi ga Maiorita!,https://cdn.myanimelist.net/images/anime/1778/100470.jpg,7.3,82721,869
34612,Saiki Kusuo no Ψ-nan 2,https://cdn.myanimelist.net/images/anime/1961/91383.jpg,8.4,387350,3674
2966,Ookami to Koushinryou,https://cdn.myanimelist.net/images/anime/5/59401.jpg,8.2,431531,16742
1292,Afro Samurai,https://cdn.myanimelist.net/images/anime/3/15874.jpg,7.4,225340,1613
1535,Death Note,https://cdn.myanimelist.net/images/anime/9/9453.jpg,8.6,2755383,151551
49637,Showtime!: Uta no Oneesan datte Shitai,https://cdn.myanimelist.net/images/anime/1585/117288.jpg,6.8,3069,67
48804,Isekai Shokudou 2,https://cdn.myanimelist.net/images/anime/1777/117885.jpg,7.6,26466,338
39592,Mobile Suit Gundam: The Origin - Advent of the Red Comet,https://cdn.myanimelist.net/images/anime/1897/100015.jpg,8.1,9194,75
7785,Yojouhan Shinwa Taikei,https://cdn.myanimelist.net/images/anime/10/50457.jpg,8.5,138219,16100
10321,Uta no☆Prince-sama♪ Maji Love 1000%,https://cdn.myanimelist.net/images/anime/6/30248.jpg,7.0,125972,1529
28223,Death Parade,https://cdn.myanimelist.net/images/anime/5/71553.jpg,8.1,1060199,25009
15451,High School DxD New,https://cdn.myanimelist.net/images/anime/12/47729.jpg,7.5,713298,4318
38524,Shingeki no Kyojin Season 3 Part 2,https://cdn.myanimelist.net/images/anime/1517/100633.jpg,9.0,1560252,49257
39783,5-toubun no Hanayome ∬,https://cdn.myanimelist.net/images/anime/1775/109514.jpg,8.1,360177,10120
9441,Yume-iro Pâtissière SP Professional,https://cdn.myanimelist.net/images/anime/2/27794.jpg,7.6,31064,145
3101,F-Zero: Falcon Densetsu,https://cdn.myanimelist.net/images/anime/1569/95419.jpg,6.4,2557,53
36864,Akkun to Kanojo,https://cdn.myanimelist.net/images/anime/1404/90601.jpg,6.8,81248,257
39198,Kanata no Astra,https://cdn.myanimelist.net/images/anime/1784/106428.jpg,8.0,144997,2717
32615,Youjo Senki,https://cdn.myanimelist.net/images/anime/5/82890.jpg,7.9,509382,10248
18153,Kyoukai no Kanata,https://cdn.myanimelist.net/images/anime/3/85468.jpg,7.7,625911,11137
37086,Kakegurui××,https://cdn.myanimelist.net/images/anime/1496/96519.jpg,7.2,485600,1755
10800,Chihayafuru,https://cdn.myanimelist.net/images/anime/3/35749.jpg,8.1,194386,7131
40902,Shokugeki no Souma: Gou no Sara,https://cdn.myanimelist.net/images/anime/1756/108000.jpg,7.3,253785,1162
9919,Ao no Exorcist,https://cdn.myanimelist.net/images/anime/10/75195.jpg,7.5,1318357,15816
31240,Re:Zero kara Hajimeru Isekai Seikatsu,https://cdn.myanimelist.net/images/anime/11/79410.jpg,8.2,1445467,59822
40028,Shingeki no Kyojin: The Final Season,https://cdn.myanimelist.net/images/anime/1000/110531.jpg,8.8,1013305,49804
41120,Fugou Keiji: Balance:Unlimited,https://cdn.myanimelist.net/images/anime/1066/106556.jpg,7.5,172808,2460
339,Serial Experiments Lain,https://cdn.myanimelist.net/images/anime/1718/91550.jpg,8.0,270994,20865
37991,JoJo no Kimyou na Bouken Part 5: Ougon no Kaze,https://cdn.myanimelist.net/images/anime/1572/95010.jpg,8.6,607295,26082
1735,Naruto: Shippuuden,https://cdn.myanimelist.net/images/anime/5/17407.jpg,8.2,1268654,94156
39617,Yakusoku no Neverland 2nd Season,https://cdn.myanimelist.net/images/anime/1815/110626.jpg,5.4,335283,4482
37520,Dororo,https://cdn.myanimelist.net/images/anime/1879/100467.jpg,8.2,550826,15861
19369,Outbreak Company,https://cdn.myanimelist.net/images/anime/7/54343.jpg,7.2,212036,848
47591,Kuro Gal ni Natta kara Shinyuu to shitemita.,https://cdn.myanimelist.net/images/anime/1267/111801.jpg,6.1,13980,451
45577,IDOLiSH7: Third Beat!,https://cdn.myanimelist.net/images/anime/1646/115723.jpg,8.2,4497,259
2150,Tanoshii Muumin Ikka,https://cdn.myanimelist.net/images/anime/13/26765.jpg,8.2,12081,529
28297,Ore Monogatari!!,https://cdn.myanimelist.net/images/anime/13/69455.jpg,7.9,321983,4437
23673,Ookami Shoujo to Kuro Ouji,https://cdn.myanimelist.net/images/anime/4/67805.jpg,7.1,304126,1705
3750,Maria-sama ga Miteru 4th,https://cdn.myanimelist.net/images/anime/4/75206.jpg,7.8,11562,88
23327,Space☆Dandy 2nd Season,https://cdn.myanimelist.net/images/anime/3/64451.jpg,8.2,97868,1644
388,Capeta,https://cdn.myanimelist.net/images/anime/5/17667.jpg,7.8,12941,255
35180,3-gatsu no Lion 2nd Season,https://cdn.myanimelist.net/images/anime/3/88469.jpg,8.9,194989,13742
31933,JoJo no Kimyou na Bouken Part 4: Diamond wa Kudakenai,https://cdn.myanimelist.net/images/anime/3/79156.jpg,8.5,732719,32862
2476,School Days,https://cdn.myanimelist.net/images/anime/8/86373.jpg,5.5,439544,2915
27989,Hibike! Euphonium,https://cdn.myanimelist.net/images/anime/6/72445.jpg,8.0,201071,6215
23321,Log Horizon 2nd Season,https://cdn.myanimelist.net/images/anime/5/68097.jpg,7.6,394887,1375
16668,Kakumeiki Valvrave,https://cdn.myanimelist.net/images/anime/3/49251.jpg,7.1,93178,660
801,Koukaku Kidoutai: Stand Alone Complex 2nd GIG,https://cdn.myanimelist.net/images/anime/1480/100555.jpg,8.5,123312,2907
31646,3-gatsu no Lion,https://cdn.myanimelist.net/images/anime/6/82898.jpg,8.3,267318,13811
2608,Wangan Midnight,https://cdn.myanimelist.net/images/anime/11/12936.jpg,7.4,15201,406
40496,"Maou Gakuin no Futekigousha: Shijou Saikyou no Maou no Shiso, Tensei shite Shison-tachi no Gakkou e Kayou",https://cdn.myanimelist.net/images/anime/1126/108573.jpg,7.4,423508,4570
35790,Tate no Yuusha no Nariagari,https://cdn.myanimelist.net/images/anime/1490/101365.jpg,8.0,936254,24474
22199,Akame ga Kill!,https://cdn.myanimelist.net/images/anime/1429/95946.jpg,7.5,1393589,25480
9253,Steins;Gate,https://cdn.myanimelist.net/images/anime/5/73199.jpg,9.0,1375560,167170
34566,Boruto: Naruto Next Generations,https://cdn.myanimelist.net/images/anime/9/84460.jpg,5.9,0,6384
889,Black Lagoon,https://cdn.myanimelist.net/images/anime/4/25596.jpg,8.0,514274,15339
11597,Nisemonogatari,https://cdn.myanimelist.net/images/anime/1044/103654.jpg,8.1,493302,3742
40746,Overflow,https://cdn.myanimelist.net/images/anime/1781/104461.jpg,7.2,72534,938
1887,Lucky☆Star,https://cdn.myanimelist.net/images/anime/1561/115660.jpg,7.6,331191,10966
24211,Orenchi no Furo Jijou,https://cdn.myanimelist.net/images/anime/12/67085.jpg,7.0,72277,352
42192,Edens Zero,https://cdn.myanimelist.net/images/anime/1011/111811.jpg,7.1,50599,1672
3092,Junjou Romantica,https://cdn.myanimelist.net/images/anime/7/8811.jpg,7.5,183987,4320
49926,Kimetsu no Yaiba: Mugen Ressha-hen,https://cdn.myanimelist.net/images/anime/1065/118763.jpg,8.4,250377,2648
444,Maria-sama ga Miteru: Haru,https://cdn.myanimelist.net/images/anime/9/75208.jpg,7.6,15497,82
33095,Shouwa Genroku Rakugo Shinjuu: Sukeroku Futatabi-hen,https://cdn.myanimelist.net/images/anime/10/82947.jpg,8.6,66306,2872
392,Yuu☆Yuu☆Hakusho,https://cdn.myanimelist.net/images/anime/1228/111372.jpg,8.4,302894,19233
530,Bishoujo Senshi Sailor Moon,https://cdn.myanimelist.net/images/anime/1440/92258.jpg,7.7,205514,8874
2605,Sayonara Zetsubou Sensei,https://cdn.myanimelist.net/images/anime/5/6559.jpg,7.8,140224,4445
22265,Free! Eternal Summer,https://cdn.myanimelist.net/images/anime/1719/108886.jpg,7.6,281670,2515
38408,Boku no Hero Academia 4th Season,https://cdn.myanimelist.net/images/anime/1412/107914.jpg,8.0,1076125,7950
21881,Sword Art Online II,https://cdn.myanimelist.net/images/anime/11/65185.jpg,6.7,1465847,8933
32729,Orange,https://cdn.myanimelist.net/images/anime/4/80110.jpg,7.6,420408,5993
49721,Karakai Jouzu no Takagi-san 3,https://cdn.myanimelist.net/images/anime/1861/120361.jpg,8.5,0,1297
1445,Mach GoGoGo,https://cdn.myanimelist.net/images/anime/4/40191.jpg,6.6,7529,99
25013,Akatsuki no Yona,https://cdn.myanimelist.net/images/anime/9/64225.jpg,8.0,451871,13904
30015,ReLIFE,https://cdn.myanimelist.net/images/anime/3/82149.jpg,8.0,620080,8858
9756,Mahou Shoujo Madoka★Magica,https://cdn.myanimelist.net/images/anime/11/55225.jpg,8.3,803410,47869
30,Neon Genesis Evangelion,https://cdn.myanimelist.net/images/anime/1314/108941.jpg,8.3,1061232,87894
3001,Moyashimon,https://cdn.myanimelist.net/images/anime/5/37533.jpg,7.5,33222,250
36475,Sword Art Online Alternative: Gun Gale Online,https://cdn.myanimelist.net/images/anime/1141/93288.jpg,7.0,371706,1353
36882,Arifureta Shokugyou de Sekai Saikyou,https://cdn.myanimelist.net/images/anime/1776/97682.jpg,6.6,370773,5261
36563,Megalo Box,https://cdn.myanimelist.net/images/anime/1958/93533.jpg,7.9,278738,3019
28,Yakitate!! Japan,https://cdn.myanimelist.net/images/anime/3/76432.jpg,7.8,43343,838
11241,Brave 10,https://cdn.myanimelist.net/images/anime/13/34043.jpg,6.7,87884,236
457,Mushishi,https://cdn.myanimelist.net/images/anime/2/73862.jpg,8.6,264668,24139
9989,Ano Hi Mita Hana no Namae wo Bokutachi wa Mada Shiranai.,https://cdn.myanimelist.net/images/anime/5/79697.jpg,8.3,1075314,31074
46102,Odd Taxi,https://cdn.myanimelist.net/images/anime/1981/113348.jpg,8.7,141277,5729
6586,Yume-iro Pâtissière,https://cdn.myanimelist.net/images/anime/12/21674.jpg,7.8,47452,977
795,Oniisama e...,https://cdn.myanimelist.net/images/anime/12/18531.jpg,7.7,9235,788
8525,Kami nomi zo Shiru Sekai,https://cdn.myanimelist.net/images/anime/2/43361.jpg,7.7,394751,5437
21995,Ao Haru Ride,https://cdn.myanimelist.net/images/anime/8/64813.jpg,7.7,554508,8837
8687,Doraemon (2005),https://cdn.myanimelist.net/images/anime/6/23935.jpg,7.7,0,176
35788,Shokugeki no Souma: San no Sara,https://cdn.myanimelist.net/images/anime/3/88434.jpg,8.0,686021,2520
23233,Shinmai Maou no Testament,https://cdn.myanimelist.net/images/anime/1654/112033.jpg,6.7,429540,1801
857,Air Gear,https://cdn.myanimelist.net/images/anime/11/18227.jpg,7.4,217457,3390
49114,Vanitas no Karte Part 2,https://cdn.myanimelist.net/images/anime/1247/120579.jpg,8.2,0,1199
13759,Sakura-sou no Pet na Kanojo,https://cdn.myanimelist.net/images/anime/4/43643.jpg,8.1,774868,25420
34933,Kakegurui,https://cdn.myanimelist.net/images/anime/3/86578.jpg,7.2,927300,9255
11061,Hunter x Hunter (2011),https://cdn.myanimelist.net/images/anime/1337/99013.jpg,9.0,1520213,175972
20787,Black Bullet,https://cdn.myanimelist.net/images/anime/1292/94693.jpg,7.1,579044,3554
29786,Shimoneta to Iu Gainen ga Sonzai Shinai Taikutsu na Sekai,https://cdn.myanimelist.net/images/anime/6/75106.jpg,7.2,476767,3474
39808,Non Non Biyori Nonstop,https://cdn.myanimelist.net/images/anime/1033/111540.jpg,8.4,39438,783
400,Seihou Bukyou Outlaw Star,https://cdn.myanimelist.net/images/anime/7/28848.jpg,7.8,70671,1954
186,Initial D Second Stage,https://cdn.myanimelist.net/images/anime/8/12750.jpg,8.1,144924,808
22687,Terra Formars,https://cdn.myanimelist.net/images/anime/2/67117.jpg,7.0,133107,588
38101,5-toubun no Hanayome,https://cdn.myanimelist.net/images/anime/1819/97947.jpg,7.7,583170,11612
19815,No Game No Life,https://cdn.myanimelist.net/images/anime/1074/111944.jpg,8.1,1715526,45619
5690,Nodame Cantabile: Finale,https://cdn.myanimelist.net/images/anime/1084/119096.jpg,8.2,85707,395
143,Kannazuki no Miko,https://cdn.myanimelist.net/images/anime/8/73955.jpg,6.8,35606,684
1482,D.Gray-man,https://cdn.myanimelist.net/images/anime/13/75194.jpg,7.9,282470,13037
47778,Kimetsu no Yaiba: Yuukaku-hen,https://cdn.myanimelist.net/images/anime/1908/120036.jpg,8.9,404057,16359
13203,Lupin the Third: Mine Fujiko to Iu Onna,https://cdn.myanimelist.net/images/anime/9/73347.jpg,7.8,24676,414
15059,Initial D Fifth Stage,https://cdn.myanimelist.net/images/anime/1563/119898.jpg,8.1,84323,603
30727,Saenai Heroine no Sodatekata ♭,https://cdn.myanimelist.net/images/anime/2/84797.jpg,7.8,200978,1567
46095,Vivy: Fluorite Eye's Song,https://cdn.myanimelist.net/images/anime/1637/115052.jpg,8.4,182476,8227
7724,Shiki,https://cdn.myanimelist.net/images/anime/1531/119165.jpg,7.7,284872,7446
37799,Tokyo Ghoul:re 2nd Season,https://cdn.myanimelist.net/images/anime/1271/95623.jpg,6.4,533043,2385
46701,Yubisaki kara Honki no Netsujou 2: Koibito wa Shouboushi,https://cdn.myanimelist.net/images/anime/1082/115693.jpg,6.3,3279,326
4192,Hayate no Gotoku!!,https://cdn.myanimelist.net/images/anime/11/75212.jpg,7.7,72682,474
30749,Saijaku Muhai no Bahamut,https://cdn.myanimelist.net/images/anime/12/76664.jpg,6.5,233770,919
39337,Araiya-san!: Ore to Aitsu ga Onnayu de!?,https://cdn.myanimelist.net/images/anime/1804/109216.jpg,6.6,22222,190
35247,Owarimonogatari 2nd Season,https://cdn.myanimelist.net/images/anime/6/87322.jpg,8.8,203429,7818
2001,Tengen Toppa Gurren Lagann,https://cdn.myanimelist.net/images/anime/4/5123.jpg,8.6,924001,70698
249,InuYasha,https://cdn.myanimelist.net/images/anime/1589/95329.jpg,7.8,367671,16298
37722,Uchi no Maid ga Uzasugiru!,https://cdn.myanimelist.net/images/anime/1786/95330.jpg,6.9,54379,175
17389,Kingdom 2nd Season,https://cdn.myanimelist.net/images/anime/13/53589.jpg,8.3,58573,734
37779,Yakusoku no Neverland,https://cdn.myanimelist.net/images/anime/1830/118780.jpg,8.5,1295605,30836
6702,Fairy Tail,https://cdn.myanimelist.net/images/anime/5/18179.jpg,7.5,877273,43194
20057,Space☆Dandy,https://cdn.myanimelist.net/images/anime/4/56611.jpg,7.8,155752,4758
37491,Gintama.: Shirogane no Tamashii-hen - Kouhan-sen,https://cdn.myanimelist.net/images/anime/1776/96566.jpg,8.8,95082,940
1088,Macross,https://cdn.myanimelist.net/images/anime/1/2441.jpg,7.9,39613,1567
37890,Oshi ga Budoukan Ittekuretara Shinu,https://cdn.myanimelist.net/images/anime/1139/104708.jpg,7.4,17615,258
47792,Maou Evelogia ni Mi wo Sasage yo,https://cdn.myanimelist.net/images/anime/1078/116972.jpg,5.9,2380,159
26165,Yuri Kuma Arashi,https://cdn.myanimelist.net/images/anime/3/69203.jpg,6.9,35445,708
467,Koukaku Kidoutai: Stand Alone Complex,https://cdn.myanimelist.net/images/anime/11/50857.jpg,8.4,183975,7983
32935,Haikyuu!!: Karasuno Koukou vs. Shiratorizawa Gakuen Koukou,https://cdn.myanimelist.net/images/anime/7/81992.jpg,8.8,870238,14147
20583,Haikyuu!!,https://cdn.myanimelist.net/images/anime/7/76014.jpg,8.4,1262376,64590
10495,Yuru Yuri,https://cdn.myanimelist.net/images/anime/12/75173.jpg,7.5,172397,4306
36511,Tokyo Ghoul:re,https://cdn.myanimelist.net/images/anime/1063/95086.jpg,6.4,717964,3405
31174,Osomatsu-san,https://cdn.myanimelist.net/images/anime/7/76540.jpg,7.8,68330,3423
45,Rurouni Kenshin: Meiji Kenkaku Romantan,https://cdn.myanimelist.net/images/anime/1346/119505.jpg,8.2,240494,9364
12445,Tasogare Otome x Amnesia,https://cdn.myanimelist.net/images/anime/12/64435.jpg,7.8,206134,4221
23847,Yahari Ore no Seishun Love Comedy wa Machigatteiru. Zoku,https://cdn.myanimelist.net/images/anime/11/75376.jpg,8.2,746231,15198
31637,"Gate: Jieitai Kanochi nite, Kaku Tatakaeri 2nd Season",https://cdn.myanimelist.net/images/anime/8/77382.jpg,7.7,393173,1712
10087,Fate/Zero,https://cdn.myanimelist.net/images/anime/1887/117644.jpg,8.3,940302,31676
32282,Shokugeki no Souma: Ni no Sara,https://cdn.myanimelist.net/images/anime/8/79353.jpg,8.1,847101,2982
30240,Prison School,https://cdn.myanimelist.net/images/anime/1286/112161.jpg,7.6,643962,6376
44516,Koroshi Ai,https://cdn.myanimelist.net/images/anime/1485/119329.jpg,6.9,0,602
31229,Servamp,https://cdn.myanimelist.net/images/anime/8/80953.jpg,6.8,131397,1180
35994,Satsuriku no Tenshi,https://cdn.myanimelist.net/images/anime/1862/95624.jpg,6.9,298084,4574
288,Bakuten Shoot Beyblade,https://cdn.myanimelist.net/images/anime/11/21118.jpg,6.7,85561,339
813,Dragon Ball Z,https://cdn.myanimelist.net/images/anime/1607/117271.jpg,8.2,926193,32100
16,Hachimitsu to Clover,https://cdn.myanimelist.net/images/anime/11/73923.jpg,7.9,87717,4029
3002,Gyakkyou Burai Kaiji: Ultimate Survivor,https://cdn.myanimelist.net/images/anime/12/80032.jpg,8.3,158864,8816
32182,Mob Psycho 100,https://cdn.myanimelist.net/images/anime/8/80356.jpg,8.4,1259108,36930
658,Touhai Densetsu Akagi: Yami ni Maiorita Tensai,https://cdn.myanimelist.net/images/anime/11/53587.jpg,7.9,46529,1117
967,Hokuto no Ken,https://cdn.myanimelist.net/images/anime/8/18502.jpg,7.8,38095,2021
235,Detective Conan,https://cdn.myanimelist.net/images/anime/7/75199.jpg,8.2,0,12212
30503,Noragami Aragoto,https://cdn.myanimelist.net/images/anime/1689/94850.jpg,8.2,1038307,10978
270,Hellsing,https://cdn.myanimelist.net/images/anime/10/19956.jpg,7.5,423592,5352
23281,Psycho-Pass 2,https://cdn.myanimelist.net/images/anime/1197/100616.jpg,7.4,404578,1343
1,Cowboy Bebop,https://cdn.myanimelist.net/images/anime/4/19644.jpg,8.7,893142,69678
37517,Happy Sugar Life,https://cdn.myanimelist.net/images/anime/1386/103920.jpg,6.8,129753,2313
10620,Mirai Nikki (TV),https://cdn.myanimelist.net/images/anime/13/33465.jpg,7.4,1336176,28851
44235,Pui Pui Molcar,https://cdn.myanimelist.net/images/anime/1484/119197.jpg,8.0,7038,189
12815,Shirokuma Cafe,https://cdn.myanimelist.net/images/anime/6/75649.jpg,7.6,16242,849
19775,Sidonia no Kishi,https://cdn.myanimelist.net/images/anime/12/53257.jpg,7.6,128332,1372
71,Full Metal Panic!,https://cdn.myanimelist.net/images/anime/2/75259.jpg,7.6,283855,4144
10793,Guilty Crown,https://cdn.myanimelist.net/images/anime/8/33713.jpg,7.4,710944,16397
31964,Boku no Hero Academia,https://cdn.myanimelist.net/images/anime/10/78745.jpg,7.9,2237269,51353
40059,Golden Kamuy 3rd Season,https://cdn.myanimelist.net/images/anime/1763/108108.jpg,8.4,67564,1096
38481,Toaru Kagaku no Railgun T,https://cdn.myanimelist.net/images/anime/1819/103287.jpg,8.3,82013,2975
38003,Bungou Stray Dogs 3rd Season,https://cdn.myanimelist.net/images/anime/1037/100463.jpg,8.2,317533,3990
120,Fruits Basket,https://cdn.myanimelist.net/images/anime/4/75204.jpg,7.7,336451,8647
23283,Zankyou no Terror,https://cdn.myanimelist.net/images/anime/1417/117422.jpg,8.1,655060,19670
22535,Kiseijuu: Sei no Kakuritsu,https://cdn.myanimelist.net/images/anime/3/73178.jpg,8.3,1204393,30287
12189,Hyouka,https://cdn.myanimelist.net/images/anime/13/50521.jpg,8.0,640331,24257
3457,Vampire Knight,https://cdn.myanimelist.net/images/anime/3/7327.jpg,6.9,422320,7039
80,Mobile Suit Gundam,https://cdn.myanimelist.net/images/anime/5/88524.jpg,7.7,60834,1879
37451,Boogiepop wa Warawanai (2019),https://cdn.myanimelist.net/images/anime/1135/95454.jpg,6.9,58362,705
35557,Houseki no Kuni (TV),https://cdn.myanimelist.net/images/anime/3/88293.jpg,8.3,191438,10796
1195,Zero no Tsukaima,https://cdn.myanimelist.net/images/anime/8/20680.jpg,7.2,562123,7514
40532,Appare-Ranman!,https://cdn.myanimelist.net/images/anime/1087/111636.jpg,7.2,46377,454
22145,Kuroshitsuji: Book of Circus,https://cdn.myanimelist.net/images/anime/6/64811.jpg,8.1,264402,3306
30279,Yuru Yuri San☆Hai!,https://cdn.myanimelist.net/images/anime/7/76667.jpg,7.9,76739,659
966,Crayon Shin-chan,https://cdn.myanimelist.net/images/anime/10/59897.jpg,7.8,0,1009
11665,Natsume Yuujinchou Shi,https://cdn.myanimelist.net/images/anime/3/37449.jpg,8.6,128326,1849
9065,Hakuouki: Hekketsuroku,https://cdn.myanimelist.net/images/anime/12/71797.jpg,7.6,53069,486
40748,Jujutsu Kaisen (TV),https://cdn.myanimelist.net/images/anime/1171/109222.jpg,8.7,1190064,65198
38883,Haikyuu!! To the Top,https://cdn.myanimelist.net/images/anime/1813/105367.jpg,8.4,577138,4540
20047,Sakura Trick,https://cdn.myanimelist.net/images/anime/2/56189.jpg,6.9,133315,1444
42897,Horimiya,https://cdn.myanimelist.net/images/anime/1695/111486.jpg,8.2,618843,24909
32843,Senki Zesshou Symphogear XV,https://cdn.myanimelist.net/images/anime/1899/101966.jpg,8.2,13411,739
5941,Cross Game,https://cdn.myanimelist.net/images/anime/6/22103.jpg,8.3,53319,2864
323,Mousou Dairinin,https://cdn.myanimelist.net/images/anime/7/10240.jpg,7.7,161274,4621
21105,Love Stage!!,https://cdn.myanimelist.net/images/anime/11/76599.jpg,7.2,179657,1544
6746,Durarara!!,https://cdn.myanimelist.net/images/anime/10/71772.jpg,8.1,725441,28888
34134,One Punch Man 2nd Season,https://cdn.myanimelist.net/images/anime/1805/99571.jpg,7.5,1010160,5405
11617,High School DxD,https://cdn.myanimelist.net/images/anime/1331/111940.jpg,7.3,1007542,20230
34034,Pokemon Sun & Moon,https://cdn.myanimelist.net/images/anime/11/84673.jpg,6.6,41233,437
31680,Super Lovers,https://cdn.myanimelist.net/images/anime/4/78450.jpg,6.9,93326,1011
269,Bleach,https://cdn.myanimelist.net/images/anime/3/40451.jpg,7.7,786178,57088
9367,Freezing,https://cdn.myanimelist.net/images/anime/10/28535.jpg,6.8,215846,1064
33352,Violet Evergarden,https://cdn.myanimelist.net/images/anime/1795/95088.jpg,8.6,902619,49069
18507,Free!,https://cdn.myanimelist.net/images/anime/6/51107.jpg,7.3,511161,9094
15809,Hataraku Maou-sama!,https://cdn.myanimelist.net/images/anime/3/50177.jpg,7.8,1040820,10362
39570,High Score Girl II,https://cdn.myanimelist.net/images/anime/1560/99904.jpg,8.0,79913,721
35839,Sora yori mo Tooi Basho,https://cdn.myanimelist.net/images/anime/6/89879.jpg,8.5,207086,12346
35843,Gintama.: Porori-hen,https://cdn.myanimelist.net/images/anime/11/88325.jpg,8.5,105230,824
28677,Yamada-kun to 7-nin no Majo (TV),https://cdn.myanimelist.net/images/anime/2/73700.jpg,7.6,505426,3751
39940,Shokugeki no Souma: Shin no Sara,https://cdn.myanimelist.net/images/anime/1072/110175.jpg,7.8,389273,1227
22729,Aldnoah.Zero,https://cdn.myanimelist.net/images/anime/7/60263.jpg,7.4,332930,3332
1816,Sonic X,https://cdn.myanimelist.net/images/anime/3/13606.jpg,6.5,48312,450
35507,Youkoso Jitsuryoku Shijou Shugi no Kyoushitsu e (TV),https://cdn.myanimelist.net/images/anime/5/86830.jpg,7.8,666576,12362
28623,Koutetsujou no Kabaneri,https://cdn.myanimelist.net/images/anime/12/79164.jpg,7.3,466450,3062
32995,Yuri!!! on Ice,https://cdn.myanimelist.net/images/anime/6/81149.jpg,7.9,573418,18902
135,Hikaru no Go,https://cdn.myanimelist.net/images/anime/12/78317.jpg,8.0,68292,2174
855,Strawberry Panic,https://cdn.myanimelist.net/images/anime/1699/110686.jpg,7.2,63322,1713
10719,Boku wa Tomodachi ga Sukunai,https://cdn.myanimelist.net/images/anime/8/32873.jpg,7.2,540798,3615
37210,Isekai Maou to Shoukan Shoujo no Dorei Majutsu,https://cdn.myanimelist.net/images/anime/1649/93412.jpg,6.9,454518,2287
36754,Kakuriyo no Yadomeshi,https://cdn.myanimelist.net/images/anime/1035/95056.jpg,7.4,57164,1049
5028,Major S5,https://cdn.myanimelist.net/images/anime/9/75218.jpg,8.4,50221,597
3572,Macross F,https://cdn.myanimelist.net/images/anime/9/15648.jpg,7.9,77036,1803
22135,Ping Pong the Animation,https://cdn.myanimelist.net/images/anime/10/58041.jpg,8.5,177684,13559
15051,Love Live! School Idol Project,https://cdn.myanimelist.net/images/anime/11/56849.jpg,7.4,259085,7659
7,Witch Hunter Robin,https://cdn.myanimelist.net/images/anime/1796/91065.jpg,7.2,48759,550
38889,Kono Oto Tomare! 2nd Season,https://cdn.myanimelist.net/images/anime/1422/111621.jpg,8.4,87544,1400
8915,Dantalian no Shoka,https://cdn.myanimelist.net/images/anime/2/52683.jpg,7.2,66498,495
9656,Kimi ni Todoke 2nd Season,https://cdn.myanimelist.net/images/anime/8/27174.jpg,8.0,310278,1371
16592,Danganronpa: Kibou no Gakuen to Zetsubou no Koukousei The Animation,https://cdn.myanimelist.net/images/anime/4/51463.jpg,7.2,620125,7728
34383,Netsuzou TRap,https://cdn.myanimelist.net/images/anime/10/86667.jpg,5.3,73371,266
48583,Shingeki no Kyojin: The Final Season Part 2,https://cdn.myanimelist.net/images/anime/1948/120625.jpg,9.0,0,21352
36838,Gintama.: Shirogane no Tamashii-hen,https://cdn.myanimelist.net/images/anime/12/89603.jpg,8.8,103963,1056
35241,Konohana Kitan,https://cdn.myanimelist.net/images/anime/3/88431.jpg,7.4,51552,602
1589,Bartender,https://cdn.myanimelist.net/images/anime/13/67397.jpg,7.2,27706,424
1594,Jigoku Shoujo Futakomori,https://cdn.myanimelist.net/images/anime/5/86975.jpg,7.9,81973,661
243,Gravitation,https://cdn.myanimelist.net/images/anime/4/21856.jpg,6.9,81036,1083
14345,Btooom!,https://cdn.myanimelist.net/images/anime/4/40977.jpg,7.3,576530,3209
43325,Yuukoku no Moriarty 2nd Season,https://cdn.myanimelist.net/images/anime/1200/111522.jpg,8.2,82066,2288
33337,ACCA: 13-ku Kansatsu-ka,https://cdn.myanimelist.net/images/anime/3/83776.jpg,7.6,72116,1260
11123,Sekaiichi Hatsukoi 2,https://cdn.myanimelist.net/images/anime/8/34871.jpg,7.9,122712,701
14131,Girls & Panzer,https://cdn.myanimelist.net/images/anime/9/40969.jpg,7.5,160238,4653
3927,Mobile Suit Gundam 00 Second Season,https://cdn.myanimelist.net/images/anime/9/12782.jpg,8.1,110875,1289
39533,Given,https://cdn.myanimelist.net/images/anime/1666/102238.jpg,8.4,305841,14373
14227,Tonari no Kaibutsu-kun,https://cdn.myanimelist.net/images/anime/4/39779.jpg,7.5,695629,5523
15417,Gintama': Enchousen,https://cdn.myanimelist.net/images/anime/6/75172.jpg,8.9,176357,2695
37435,Carole & Tuesday,https://cdn.myanimelist.net/images/anime/1611/96157.jpg,7.8,129748,2649
36949,Shokugeki no Souma: San no Sara - Tootsuki Ressha-hen,https://cdn.myanimelist.net/images/anime/1604/93531.jpg,8.0,498767,1365
10033,Toriko,https://cdn.myanimelist.net/images/anime/1757/100671.jpg,7.3,42556,748
31404,Netoge no Yome wa Onnanoko ja Nai to Omotta?,https://cdn.myanimelist.net/images/anime/3/79414.jpg,6.7,305353,1014
15583,Date A Live,https://cdn.myanimelist.net/images/anime/13/44844.jpg,7.2,656550,8638
42938,Fruits Basket: The Final,https://cdn.myanimelist.net/images/anime/1085/114792.jpg,8.9,168841,15001
19,Monster,https://cdn.myanimelist.net/images/anime/10/18793.jpg,8.7,280913,36227
4814,Junjou Romantica 2,https://cdn.myanimelist.net/images/anime/6/38417.jpg,7.8,144374,953
14713,Kamisama Hajimemashita,https://cdn.myanimelist.net/images/anime/3/85429.jpg,8.1,383985,12214
22537,Yami Shibai 2,https://cdn.myanimelist.net/images/anime/2/74108.jpg,6.5,33686,28
14719,JoJo no Kimyou na Bouken (TV),https://cdn.myanimelist.net/images/anime/3/40409.jpg,7.9,1020407,32021
5958,Sora no Otoshimono,https://cdn.myanimelist.net/images/anime/5/50307.jpg,7.3,301613,3711
15689,Nekomonogatari: Kuro,https://cdn.myanimelist.net/images/anime/4/84001.jpg,7.9,392813,1123
30694,Dragon Ball Super,https://cdn.myanimelist.net/images/anime/7/74606.jpg,7.4,486278,8649
8129,Kuragehime,https://cdn.myanimelist.net/images/anime/3/24865.jpg,8.1,126665,4063
8425,Gosick,https://cdn.myanimelist.net/images/anime/11/27906.jpg,8.0,246068,7579
32998,91 Days,https://cdn.myanimelist.net/images/anime/13/80515.jpg,7.8,326496,6705
2167,Clannad,https://cdn.myanimelist.net/images/anime/1804/95033.jpg,8.0,824659,26195
16498,Shingeki no Kyojin,https://cdn.myanimelist.net/images/anime/10/47347.jpg,8.5,2905060,148196
93,Mobile Suit Gundam SEED,https://cdn.myanimelist.net/images/anime/1792/91081.jpg,7.7,109771,3305
37976,Zombieland Saga,https://cdn.myanimelist.net/images/anime/1094/95453.jpg,7.4,230020,2770
6114,Rainbow: Nisha Rokubou no Shichinin,https://cdn.myanimelist.net/images/anime/9/72697.jpg,8.4,154817,7810
27787,Nisekoi:,https://cdn.myanimelist.net/images/anime/13/72626.jpg,7.4,496940,1724
6560,Popee the Performer,https://cdn.myanimelist.net/images/anime/1682/110199.jpg,7.1,4089,229
12531,Sakamichi no Apollon,https://cdn.myanimelist.net/images/anime/1604/98654.jpg,8.3,181733,6379
27899,Tokyo Ghoul √A,https://cdn.myanimelist.net/images/anime/13/71777.jpg,7.0,1363565,9855
12431,Uchuu Kyoudai,https://cdn.myanimelist.net/images/anime/7/37573.jpg,8.3,41947,3608
552,Digimon Adventure,https://cdn.myanimelist.net/images/anime/10/11070.jpg,7.8,317074,4795
38680,Fruits Basket 1st Season,https://cdn.myanimelist.net/images/anime/1447/99827.jpg,8.2,342781,11999
27631,God Eater,https://cdn.myanimelist.net/images/anime/7/73852.jpg,7.2,284529,1808
35760,Shingeki no Kyojin Season 3,https://cdn.myanimelist.net/images/anime/1173/92110.jpg,8.6,1641541,17925
1210,NHK ni Youkoso!,https://cdn.myanimelist.net/images/anime/3/52675.jpg,8.3,339619,22928
158,Maria-sama ga Miteru,https://cdn.myanimelist.net/images/anime/1994/114208.jpg,7.2,24195,642
16035,Karneval (TV),https://cdn.myanimelist.net/images/anime/8/46639.jpg,7.1,108743,1118
40776,Haikyuu!! To the Top 2nd Season,https://cdn.myanimelist.net/images/anime/1453/106768.jpg,8.5,449465,5234
31339,Drifters,https://cdn.myanimelist.net/images/anime/10/80271.jpg,7.9,294132,3410
4181,Clannad: After Story,https://cdn.myanimelist.net/images/anime/1299/110774.jpg,8.9,727993,65439
5040,One Outs,https://cdn.myanimelist.net/images/anime/7/21065.jpg,8.3,122498,3640
14397,Chihayafuru 2,https://cdn.myanimelist.net/images/anime/6/47435.jpg,8.4,146014,1562
37105,Grand Blue,https://cdn.myanimelist.net/images/anime/1302/94882.jpg,8.4,386458,15307
11759,Accel World,https://cdn.myanimelist.net/images/anime/8/38155.jpg,7.2,444548,3752
1142,Hachimitsu to Clover II,https://cdn.myanimelist.net/images/anime/6/11040.jpg,8.2,63789,937
23309,Rail Wars!,https://cdn.myanimelist.net/images/anime/13/65671.jpg,6.3,107029,260
22319,Tokyo Ghoul,https://cdn.myanimelist.net/images/anime/5/64449.jpg,7.8,2048326,45581
18689,Diamond no Ace,https://cdn.myanimelist.net/images/anime/5/54235.jpg,8.0,113315,4088
38668,Dorohedoro,https://cdn.myanimelist.net/images/anime/1740/104786.jpg,8.0,247943,6309
30654,Ansatsu Kyoushitsu 2nd Season,https://cdn.myanimelist.net/images/anime/8/77966.jpg,8.5,948070,16181
136,Hunter x Hunter,https://cdn.myanimelist.net/images/anime/8/19473.jpg,8.4,315979,9366
31988,Hibike! Euphonium 2,https://cdn.myanimelist.net/images/anime/10/81155.jpg,8.3,123161,3001
25157,Trinity Seven,https://cdn.myanimelist.net/images/anime/12/67795.jpg,7.1,542538,3575
6880,Deadman Wonderland,https://cdn.myanimelist.net/images/anime/9/75299.jpg,7.2,792415,6183
14289,Sukitte Ii na yo.,https://cdn.myanimelist.net/images/anime/11/39777.jpg,7.4,418751,4473
32681,Uchuu Patrol Luluco,https://cdn.myanimelist.net/images/anime/4/79073.jpg,7.5,82488,1042
32828,Amaama to Inazuma,https://cdn.myanimelist.net/images/anime/6/80546.jpg,7.5,143720,1046
40750,Kaifuku Jutsushi no Yarinaoshi,https://cdn.myanimelist.net/images/anime/1301/110018.jpg,6.2,271911,4787
31181,Owarimonogatari,https://cdn.myanimelist.net/images/anime/8/76479.jpg,8.4,262475,2623
40591,Kaguya-sama wa Kokurasetai? Tensai-tachi no Renai Zunousen,https://cdn.myanimelist.net/images/anime/1764/106659.jpg,8.6,751715,18292
28883,Hidan no Aria AA,https://cdn.myanimelist.net/images/anime/12/76700.jpg,6.1,51760,75
33,Kenpuu Denki Berserk,https://cdn.myanimelist.net/images/anime/1384/119988.jpg,8.5,331356,21372
13125,Shinsekai yori,https://cdn.myanimelist.net/images/anime/12/36775.jpg,8.2,280860,20936
4224,Toradora!,https://cdn.myanimelist.net/images/anime/13/22128.jpg,8.1,1473299,52337
30123,Akagami no Shirayuki-hime,https://cdn.myanimelist.net/images/anime/10/75764.jpg,7.8,362891,6413
19163,Date A Live II,https://cdn.myanimelist.net/images/anime/5/76003.jpg,7.2,453380,2052
19647,Hajime no Ippo: Rising,https://cdn.myanimelist.net/images/anime/6/56147.jpg,8.6,152954,1026
10162,Usagi Drop,https://cdn.myanimelist.net/images/anime/2/29665.jpg,8.4,270262,5816
7054,Kaichou wa Maid-sama!,https://cdn.myanimelist.net/images/anime/6/25254.jpg,8.0,818601,20632
22507,Initial D Final Stage,https://cdn.myanimelist.net/images/anime/1404/101364.jpg,8.2,80446,716
32937,Kono Subarashii Sekai ni Shukufuku wo! 2,https://cdn.myanimelist.net/images/anime/2/83188.jpg,8.3,1077511,11119
18277,Strike the Blood,https://cdn.myanimelist.net/images/anime/5/56163.jpg,7.0,368287,2140
30276,One Punch Man,https://cdn.myanimelist.net/images/anime/12/76049.jpg,8.5,2369288,56545
10271,Gyakkyou Burai Kaiji: Hakairoku-hen,https://cdn.myanimelist.net/images/anime/10/30599.jpg,8.2,110574,2379
37281,Joshiochi!: 2-kai kara Onnanoko ga... Futtekita!?,https://cdn.myanimelist.net/images/anime/1716/93151.jpg,6.5,24736,180
31636,Dagashi Kashi,https://cdn.myanimelist.net/images/anime/1538/95686.jpg,6.6,202582,882
28121,Dungeon ni Deai wo Motomeru no wa Machigatteiru Darou ka,https://cdn.myanimelist.net/images/anime/2/70187.jpg,7.6,1071812,10623
23755,Nanatsu no Taizai,https://cdn.myanimelist.net/images/anime/8/65409.jpg,7.7,1487705,18753
41457,86,https://cdn.myanimelist.net/images/anime/1987/117507.jpg,8.2,252174,9451
31478,Bungou Stray Dogs,https://cdn.myanimelist.net/images/anime/3/79409.jpg,7.8,697562,21052
34823,Souryo to Majiwaru Shikiyoku no Yoru ni...,https://cdn.myanimelist.net/images/anime/9/86606.jpg,4.5,18546,82
2993,Rosario to Vampire,https://cdn.myanimelist.net/images/anime/12/75242.jpg,6.8,476855,3217
33486,Boku no Hero Academia 2nd Season,https://cdn.myanimelist.net/images/anime/12/85221.jpg,8.2,1898098,17093
1698,Nodame Cantabile,https://cdn.myanimelist.net/images/anime/9/11986.jpg,8.2,147297,4793
33206,Kobayashi-san Chi no Maid Dragon,https://cdn.myanimelist.net/images/anime/5/85434.jpg,8.0,777828,15760
20,Naruto,https://cdn.myanimelist.net/images/anime/13/17405.jpg,8.0,1945303,67899
34591,Natsume Yuujinchou Roku,https://cdn.myanimelist.net/images/anime/6/84416.jpg,8.6,76412,973
90,Mobile Suit Gundam Wing,https://cdn.myanimelist.net/images/anime/1884/114414.jpg,7.7,103133,2224
853,Ouran Koukou Host Club,https://cdn.myanimelist.net/images/anime/2/71992.jpg,8.1,753988,30318
30385,Valkyrie Drive: Mermaid,https://cdn.myanimelist.net/images/anime/13/75528.jpg,5.9,59222,381
2921,Ashita no Joe 2,https://cdn.myanimelist.net/images/anime/3/45028.jpg,8.3,18635,1997
2104,Seto no Hanayome,https://cdn.myanimelist.net/images/anime/13/58383.jpg,7.6,160694,2839
329,Planetes,https://cdn.myanimelist.net/images/anime/8/50463.jpg,8.2,77458,3616
40046,Id:Invaded,https://cdn.myanimelist.net/images/anime/1889/105337.jpg,7.8,145513,2332
3342,Mnemosyne: Mnemosyne no Musume-tachi,https://cdn.myanimelist.net/images/anime/10/10918.jpg,7.3,81928,1009
28907,"Gate: Jieitai Kanochi nite, Kaku Tatakaeri",https://cdn.myanimelist.net/images/anime/8/76222.jpg,7.7,513626,5540
41353,The God of High School,https://cdn.myanimelist.net/images/anime/1722/107269.jpg,7.1,471745,3574
2581,Mobile Suit Gundam 00,https://cdn.myanimelist.net/images/anime/3/13200.jpg,8.1,139687,4227
37965,Kaze ga Tsuyoku Fuiteiru,https://cdn.myanimelist.net/images/anime/1692/93918.jpg,8.3,134143,5193
30831,Kono Subarashii Sekai ni Shukufuku wo!,https://cdn.myanimelist.net/images/anime/8/77831.jpg,8.1,1337181,39661
36049,Dagashi Kashi 2,https://cdn.myanimelist.net/images/anime/1649/90141.jpg,6.8,78681,173
25649,Junjou Romantica 3,https://cdn.myanimelist.net/images/anime/2/74170.jpg,7.7,84283,479
12403,Yuru Yuri♪♪,https://cdn.myanimelist.net/images/anime/8/75174.jpg,7.8,121466,892
44055,Sasaki to Miyano,https://cdn.myanimelist.net/images/anime/1182/119308.jpg,8.1,0,1856
34096,Gintama.,https://cdn.myanimelist.net/images/anime/3/83528.jpg,8.9,149375,2444
34572,Black Clover,https://cdn.myanimelist.net/images/anime/2/88336.jpg,7.8,361813,35118
36259,Pingu in the City,https://cdn.myanimelist.net/images/anime/1140/95174.jpg,8.1,15734,749
18679,Kill la Kill,https://cdn.myanimelist.net/images/anime/1464/111943.jpg,8.0,982455,34414
123,Fushigi Yuugi,https://cdn.myanimelist.net/images/anime/2/20140.jpg,7.6,58399,1928
33654,Hitorijime My Hero,https://cdn.myanimelist.net/images/anime/12/86825.jpg,7.3,91376,1237
2471,Doraemon (1979),https://cdn.myanimelist.net/images/anime/3/3953.jpg,7.7,29084,482
37786,Yagate Kimi ni Naru,https://cdn.myanimelist.net/images/anime/1783/96153.jpg,7.9,130231,5052
6594,Katanagatari,https://cdn.myanimelist.net/images/anime/1112/119225.jpg,8.3,226332,10240
9926,Sekaiichi Hatsukoi,https://cdn.myanimelist.net/images/anime/6/29763.jpg,7.7,155354,2969
98,Mai-HiME,https://cdn.myanimelist.net/images/anime/13/7226.jpg,7.4,62797,1138
5341,Ookami to Koushinryou II,https://cdn.myanimelist.net/images/anime/6/59399.jpg,8.3,315779,4060
41487,Tensei shitara Slime Datta Ken 2nd Season Part 2,https://cdn.myanimelist.net/images/anime/1033/118296.jpg,8.3,322302,9146
33255,Saiki Kusuo no Ψ-nan,https://cdn.myanimelist.net/images/anime/11/80167.jpg,8.3,555643,23242
20507,Noragami,https://cdn.myanimelist.net/images/anime/9/77809.jpg,8.0,1441201,30453
1889,Higurashi no Naku Koro ni Kai,https://cdn.myanimelist.net/images/anime/12/14114.jpg,8.2,286802,6804
6707,Kuroshitsuji II,https://cdn.myanimelist.net/images/anime/4/50499.jpg,7.2,394481,3082
9041,IS: Infinite Stratos,https://cdn.myanimelist.net/images/anime/3/74045.jpg,6.6,443996,2178
40682,Kingdom 3rd Season,https://cdn.myanimelist.net/images/anime/1443/111830.jpg,8.6,15701,1176
5680,K-On!,https://cdn.myanimelist.net/images/anime/10/76120.jpg,7.8,612988,21299
28977,Gintama°,https://cdn.myanimelist.net/images/anime/3/72078.jpg,8.8,214235,13736
237,Koukyoushihen Eureka Seven,https://cdn.myanimelist.net/images/anime/12/34443.jpg,8.0,202378,8743
11499,Sankarea,https://cdn.myanimelist.net/images/anime/1487/95651.jpg,7.3,366459,2391
35849,Darling in the FranXX,https://cdn.myanimelist.net/images/anime/1614/90408.jpg,7.2,962392,28200
34012,Isekai Shokudou,https://cdn.myanimelist.net/images/anime/3/86666.jpg,7.3,108691,710
19111,Love Live! School Idol Project 2nd Season,https://cdn.myanimelist.net/images/anime/10/59101.jpg,7.8,176937,2683
18247,IS: Infinite Stratos 2,https://cdn.myanimelist.net/images/anime/12/49359.jpg,6.5,283890,477
31251,Mobile Suit Gundam: Iron-Blooded Orphans,https://cdn.myanimelist.net/images/anime/6/75879.jpg,8.0,120090,2613
39491,Psycho-Pass 3,https://cdn.myanimelist.net/images/anime/1406/104344.jpg,7.4,86494,442
32686,Keijo!!!!!!!!,https://cdn.myanimelist.net/images/anime/10/81906.jpg,6.8,205593,1279
1575,Code Geass: Hangyaku no Lelouch,https://cdn.myanimelist.net/images/anime/5/50331.jpg,8.7,1463220,97205
37675,Overlord III,https://cdn.myanimelist.net/images/anime/1511/93473.jpg,7.9,586648,4653
10080,Kami nomi zo Shiru Sekai II,https://cdn.myanimelist.net/images/anime/11/30030.jpg,7.9,296106,944
28025,Tsukimonogatari,https://cdn.myanimelist.net/images/anime/6/68259.jpg,8.1,272468,924
16894,Kuroko no Basket 2nd Season,https://cdn.myanimelist.net/images/anime/9/56155.jpg,8.2,622574,4089
38691,Dr. Stone,https://cdn.myanimelist.net/images/anime/1613/102576.jpg,8.2,971015,23039
37510,Mob Psycho 100 II,https://cdn.myanimelist.net/images/anime/1918/96303.jpg,8.8,909643,27448
30296,Rakudai Kishi no Cavalry,https://cdn.myanimelist.net/images/anime/9/76493.jpg,7.5,625355,7854
25777,Shingeki no Kyojin Season 2,https://cdn.myanimelist.net/images/anime/4/84177.jpg,8.5,1966988,19305
18897,Nisekoi,https://cdn.myanimelist.net/images/anime/13/75587.jpg,7.6,737518,10285
40540,Sword Art Online: Alicization - War of Underworld 2nd Season,https://cdn.myanimelist.net/images/anime/1438/105106.jpg,7.4,347868,2819
5300,Zoku Natsume Yuujinchou,https://cdn.myanimelist.net/images/anime/4/79738.jpg,8.5,147196,1354
210,Ranma ½,https://cdn.myanimelist.net/images/anime/13/6441.jpg,7.7,110332,3581
32983,Natsume Yuujinchou Go,https://cdn.myanimelist.net/images/anime/11/81755.jpg,8.6,85035,724
5355,Sengoku Basara,https://cdn.myanimelist.net/images/anime/4/21849.jpg,7.3,75600,943
24415,Kuroko no Basket 3rd Season,https://cdn.myanimelist.net/images/anime/4/68299.jpg,8.3,529591,4653
48488,Higurashi no Naku Koro ni Sotsu,https://cdn.myanimelist.net/images/anime/1083/115046.jpg,6.8,34353,661
149,Loveless,https://cdn.myanimelist.net/images/anime/2/22947.jpg,6.7,87052,1288
6205,Kämpfer,https://cdn.myanimelist.net/images/anime/5/35423.jpg,6.4,178154,748
150,Blood+,https://cdn.myanimelist.net/images/anime/10/10183.jpg,7.6,174941,4114
3455,To LOVE-Ru,https://cdn.myanimelist.net/images/anime/13/22544.jpg,7.0,366822,3798
1565,Pokemon Diamond & Pearl,https://cdn.myanimelist.net/images/anime/13/25749.jpg,7.2,101552,432
14813,Yahari Ore no Seishun Love Comedy wa Machigatteiru.,https://cdn.myanimelist.net/images/anime/1786/120117.jpg,8.0,920273,25859
26243,Owari no Seraph,https://cdn.myanimelist.net/images/anime/5/73474.jpg,7.5,818802,12018
322,Paradise Kiss,https://cdn.myanimelist.net/images/anime/7/80636.jpg,7.8,107952,3465
2034,Lovely★Complex,https://cdn.myanimelist.net/images/anime/11/75563.jpg,8.0,326134,8830
24703,High School DxD BorN,https://cdn.myanimelist.net/images/anime/12/73642.jpg,7.4,605597,3714
40010,Ishuzoku Reviewers,https://cdn.myanimelist.net/images/anime/1870/105970.jpg,7.9,218068,8592
5258,Hajime no Ippo: New Challenger,https://cdn.myanimelist.net/images/anime/8/56617.jpg,8.6,181481,1540
6033,Dragon Ball Kai,https://cdn.myanimelist.net/images/anime/6/14065.jpg,7.7,264238,2683
33743,Fuuka,https://cdn.myanimelist.net/images/anime/8/83735.jpg,6.5,160851,821
2904,Code Geass: Hangyaku no Lelouch R2,https://cdn.myanimelist.net/images/anime/4/9391.jpg,8.9,1274923,69323
6895,Hakuouki,https://cdn.myanimelist.net/images/anime/3/71800.jpg,7.4,85319,1854
40351,Pokemon (2019),https://cdn.myanimelist.net/images/anime/1689/105554.jpg,7.2,0,414
33988,Demi-chan wa Kataritai,https://cdn.myanimelist.net/images/anime/8/83417.jpg,7.6,247955,1411
4752,Vampire Knight: Guilty,https://cdn.myanimelist.net/images/anime/3/10075.jpg,7.2,285775,2512
263,Hajime no Ippo,https://cdn.myanimelist.net/images/anime/4/86334.jpg,8.7,262070,17063
24439,Kekkai Sensen,https://cdn.myanimelist.net/images/anime/12/73559.jpg,7.6,425884,6804
40834,Ousama Ranking,https://cdn.myanimelist.net/images/anime/1347/117616.jpg,8.8,0,6497
30484,Steins;Gate 0,https://cdn.myanimelist.net/images/anime/1375/93521.jpg,8.5,397159,10313
19383,Yami Shibai,https://cdn.myanimelist.net/images/anime/11/51995.jpg,7.0,53269,275
38000,Kimetsu no Yaiba,https://cdn.myanimelist.net/images/anime/1286/99889.jpg,8.5,1902832,77108
1559,Shijou Saikyou no Deshi Kenichi,https://cdn.myanimelist.net/images/anime/9/75515.jpg,8.0,183918,3284
5630,Higashi no Eden,https://cdn.myanimelist.net/images/anime/9/15033.jpg,7.8,297582,4032
10721,Mawaru Penguindrum,https://cdn.myanimelist.net/images/anime/5/30238.jpg,7.9,113869,6878
29803,Overlord,https://cdn.myanimelist.net/images/anime/7/88019.jpg,7.9,996889,21265
36474,Sword Art Online: Alicization,https://cdn.myanimelist.net/images/anime/1993/93837.jpg,7.6,629058,6512
11757,Sword Art Online,https://cdn.myanimelist.net/images/anime/11/39717.jpg,7.2,2310270,63171
42923,SK∞,https://cdn.myanimelist.net/images/anime/1549/119195.jpg,8.0,233127,10448
481,Yu☆Gi☆Oh! Duel Monsters,https://cdn.myanimelist.net/images/anime/3/77055.jpg,7.5,265653,3961
11633,Blood Lad,https://cdn.myanimelist.net/images/anime/11/47677.jpg,7.3,433572,1917
28999,Charlotte,https://cdn.myanimelist.net/images/anime/12/74683.jpg,7.7,1054803,20181
918,Gintama,https://cdn.myanimelist.net/images/anime/10/73274.jpg,8.6,279686,53392
35073,Overlord II,https://cdn.myanimelist.net/images/anime/1212/113415.jpg,7.8,666873,3771
33051,Mobile Suit Gundam: Iron-Blooded Orphans 2nd Season,https://cdn.myanimelist.net/images/anime/6/80899.jpg,8.2,81659,1371
21939,Mushishi Zoku Shou,https://cdn.myanimelist.net/images/anime/13/58533.jpg,8.7,130004,1407
40507,Arifureta Shokugyou de Sekai Saikyou 2nd Season,https://cdn.myanimelist.net/images/anime/1877/119668.jpg,7.1,0,3471
6045,Kimi ni Todoke,https://cdn.myanimelist.net/images/anime/7/17890.jpg,8.0,487604,11214
33487,Masamune-kun no Revenge,https://cdn.myanimelist.net/images/anime/12/83709.jpg,6.7,528950,2790
18245,White Album 2,https://cdn.myanimelist.net/images/anime/2/53561.jpg,7.6,121291,3066
33417,Super Lovers 2,https://cdn.myanimelist.net/images/anime/9/83807.jpg,7.2,59266,320
17729,Grisaia no Kajitsu,https://cdn.myanimelist.net/images/anime/1645/112632.jpg,7.5,366945,4091
5081,Bakemonogatari,https://cdn.myanimelist.net/images/anime/11/75274.jpg,8.3,772338,45374
170,Slam Dunk,https://cdn.myanimelist.net/images/anime/12/86890.jpg,8.4,130171,5992
39587,Re:Zero kara Hajimeru Isekai Seikatsu 2nd Season,https://cdn.myanimelist.net/images/anime/1444/108005.jpg,8.4,600190,10629
9969,Gintama',https://cdn.myanimelist.net/images/anime/4/50361.jpg,8.9,233647,6782
11771,Kuroko no Basket,https://cdn.myanimelist.net/images/anime/11/50453.jpg,8.1,771832,19301
5114,Fullmetal Alchemist: Brotherhood,https://cdn.myanimelist.net/images/anime/1223/96541.jpg,9.0,2041622,197551
8795,Panty & Stocking with Garterbelt,https://cdn.myanimelist.net/images/anime/12/73643.jpg,7.6,204843,4803
34599,Made in Abyss,https://cdn.myanimelist.net/images/anime/6/86733.jpg,8.6,698125,35934
37430,Tensei shitara Slime Datta Ken,https://cdn.myanimelist.net/images/anime/1694/93337.jpg,8.1,822403,22306
10396,Ben-To,https://cdn.myanimelist.net/images/anime/12/73984.jpg,7.2,198608,1081
44044,Jimihen!!: Jimiko wo Kaechau Jun Isei Kouyuu!!,https://cdn.myanimelist.net/images/anime/1139/110273.jpg,6.4,12468,348
28735,Shouwa Genroku Rakugo Shinjuu,https://cdn.myanimelist.net/images/anime/2/77907.jpg,8.5,94869,5415
30307,Monster Musume no Iru Nichijou,https://cdn.myanimelist.net/images/anime/9/75104.jpg,7.0,486480,3555
5962,Metal Fight Beyblade,https://cdn.myanimelist.net/images/anime/13/21387.jpg,6.8,66983,312
34451,Kekkai Sensen & Beyond,https://cdn.myanimelist.net/images/anime/3/88282.jpg,7.8,220033,1461
85,Mobile Suit Zeta Gundam,https://cdn.myanimelist.net/images/anime/1338/93006.jpg,7.9,37834,1850
23277,Saenai Heroine no Sodatekata,https://cdn.myanimelist.net/images/anime/7/68783.jpg,7.5,340939,3898
24833,Ansatsu Kyoushitsu,https://cdn.myanimelist.net/images/anime/5/75639.jpg,8.1,1220463,25897
11111,Another,https://cdn.myanimelist.net/images/anime/4/75509.jpg,7.5,1102966,15593
12365,Bakuman. 3rd Season,https://cdn.myanimelist.net/images/anime/6/41845.jpg,8.5,223318,2828
4214,Rosario to Vampire Capu2,https://cdn.myanimelist.net/images/anime/6/25093.jpg,6.9,324172,1066
19291,Pokemon XY,https://cdn.myanimelist.net/images/anime/12/54549.jpg,7.3,107281,456
8277,Hyakka Ryouran: Samurai Girls,https://cdn.myanimelist.net/images/anime/9/27705.jpg,6.8,97356,263
10379,Natsume Yuujinchou San,https://cdn.myanimelist.net/images/anime/8/82394.jpg,8.6,139835,1305
38262,Pingu in the City (2018),https://cdn.myanimelist.net/images/anime/1315/95173.jpg,7.6,3879,114
232,Cardcaptor Sakura,https://cdn.myanimelist.net/images/anime/8/60781.jpg,8.1,239814,11471
205,Samurai Champloo,https://cdn.myanimelist.net/images/anime/11/29134.jpg,8.5,649057,32291
51211,Go! Go! Tokyo MER: Kinkyuujitai to Tatakau Nakama-tachi,https://cdn.myanimelist.net/images/anime/1139/121350.jpg,,0,0
50762,Anata wo Hitokoto de Arawashite Kudasai: no Shitsumon ga Nigate da.,https://cdn.myanimelist.net/images/anime/1336/120560.jpg,6.2,228,1
33926,Quanzhi Gaoshou,https://cdn.myanimelist.net/images/anime/7/81892.jpg,7.9,198528,3608
51083,Douluo Dalu: Feng Qi Tang Men,https://cdn.myanimelist.net/images/anime/1224/121040.jpg,8.4,0,5
44376,Idol Land PriPara,https://cdn.myanimelist.net/images/anime/1790/113555.jpg,8.4,0,15
49847,Meng Qi Shi Shen 2nd Season,https://cdn.myanimelist.net/images/anime/1084/117772.jpg,7.4,875,21
48661,JoJo no Kimyou na Bouken Part 6: Stone Ocean,https://cdn.myanimelist.net/images/anime/1896/119844.jpg,8.5,0,6083
49909,Kotarou wa Hitorigurashi,https://cdn.myanimelist.net/images/anime/1862/121020.jpg,8.5,9616,308
35777,Rilakkuma to Kaoru-san,https://cdn.myanimelist.net/images/anime/1582/100702.jpg,7.6,8343,139
49638,Douluo Dalu: Chongfan Haotian,https://cdn.myanimelist.net/images/anime/1909/119249.jpg,8.1,1967,36
34443,Baki,https://cdn.myanimelist.net/images/anime/1979/93135.jpg,7.2,194190,1719
49063,Douluo Dalu: Shan Yu Yu Lai,https://cdn.myanimelist.net/images/anime/1888/119807.jpg,8.1,2719,37
47904,Hololive Alternative,https://cdn.myanimelist.net/images/anime/1692/112088.jpg,8.1,5122,56
49701,Doupo Cangqiong: San Nian Zhi Yue,https://cdn.myanimelist.net/images/anime/1029/118861.jpg,8.5,1326,108
48631,Douluo Dalu: Haishen Zhi Guang,https://cdn.myanimelist.net/images/anime/1350/113891.jpg,8.2,3365,39
44189,Douluo Dalu: Hanhai Qian Kun,https://cdn.myanimelist.net/images/anime/1158/113889.jpg,8.2,3752,19
37078,Quanzhi Gaoshou Specials,https://cdn.myanimelist.net/images/anime/1825/91514.jpg,8.2,67274,340
42977,Douluo Dalu: Xingdou Xian Ji Pian,https://cdn.myanimelist.net/images/anime/1969/113995.jpg,8.2,3848,30
42496,Douluo Dalu: Hao Tian Yang Wei,https://cdn.myanimelist.net/images/anime/1124/108561.jpg,8.1,5358,36
45556,Wu Liuqi Zhi Xuanwu Guo Pian,https://cdn.myanimelist.net/images/anime/1884/111224.jpg,8.4,19530,454
28149,Nihon Animator Mihonichi,https://cdn.myanimelist.net/images/anime/11/71901.jpg,7.4,11675,121
42497,Douluo Dalu: Qian Hua Xi Jin,https://cdn.myanimelist.net/images/anime/1595/113994.jpg,8.2,5267,39
16774,Inferno Cop,https://cdn.myanimelist.net/images/anime/2/47037.jpg,7.2,63963,1055
5060,Hetalia Axis Powers,https://cdn.myanimelist.net/images/anime/5/75791.jpg,7.2,133433,4245
40784,Wu Liuqi Zhi Zui Qiang Fa Xing Shi,https://cdn.myanimelist.net/images/anime/1756/104551.jpg,8.2,31474,388
44059,Puparia,https://cdn.myanimelist.net/images/anime/1308/110285.jpg,7.6,22052,224
37033,Emiya-san Chi no Kyou no Gohan,https://cdn.myanimelist.net/images/anime/8/89981.jpg,7.8,54001,620
42498,Douluo Dalu: Xiaowu Juebie,https://cdn.myanimelist.net/images/anime/1424/113993.jpg,8.2,4209,103
37932,Quanzhi Gaoshou 2,https://cdn.myanimelist.net/images/anime/1573/109220.jpg,8.0,43435,516
37822,Douluo Dalu: Jingying Sai,https://cdn.myanimelist.net/images/anime/1538/93566.jpg,8.1,6205,183
35120,Devilman: Crybaby,https://cdn.myanimelist.net/images/anime/2/89973.jpg,7.8,679694,19448
32827,B: The Beginning,https://cdn.myanimelist.net/images/anime/1564/90469.jpg,7.2,188710,1304
44074,Shiguang Dailiren,https://cdn.myanimelist.net/images/anime/1135/114867.jpg,8.7,62495,6089
40434,Mo Dao Zu Shi: Wanjie Pian,https://cdn.myanimelist.net/images/anime/1634/116782.jpg,8.7,14369,1169
256,Hoshi no Koe,https://cdn.myanimelist.net/images/anime/1980/112997.jpg,7.2,92905,517
50846,New Initial D Movie: Battle Digest,https://cdn.myanimelist.net/images/anime/1207/120556.jpg,7.6,353,51
50488,Garden: Takamine-ke no Nirinka - The Animation,https://cdn.myanimelist.net/images/anime/1593/119817.jpg,7.9,0,19
1395,Future GPX Cyber Formula Sin,https://cdn.myanimelist.net/images/anime/6/29342.jpg,7.6,1287,11
7748,Sono Hanabira ni Kuchizuke wo: Anata to Koibito Tsunagi,https://cdn.myanimelist.net/images/anime/5/24845.jpg,7.3,32153,440
1393,Future GPX Cyber Formula Zero,https://cdn.myanimelist.net/images/anime/7/4085.jpg,7.5,1438,11
1394,Future GPX Cyber Formula Saga,https://cdn.myanimelist.net/images/anime/1344/93011.jpg,7.5,1274,9
3375,Kirepapa.,https://cdn.myanimelist.net/images/anime/8/31421.jpg,6.7,43230,118
5774,Seitokaichou ni Chuukoku,https://cdn.myanimelist.net/images/anime/5/17008.jpg,7.0,36654,105
48697,Eroge de Subete wa Kaiketsu Dekiru! The Animation,https://cdn.myanimelist.net/images/anime/1713/114421.jpg,7.5,3057,39
49053,Given: Uragawa no Sonzai,https://cdn.myanimelist.net/images/anime/1031/115154.jpg,8.2,23229,628
25801,Shouwa Genroku Rakugo Shinjuu: Yotarou Hourou-hen,https://cdn.myanimelist.net/images/anime/7/66057.jpg,7.7,3502,11
6336,Mobile Suit Gundam Unicorn,https://cdn.myanimelist.net/images/anime/12/50459.jpg,8.1,48526,1430
36106,Shingeki no Kyojin: Lost Girls,https://cdn.myanimelist.net/images/anime/3/89417.jpg,7.8,173566,493
4866,Pico x CoCo x Chico,https://cdn.myanimelist.net/images/anime/1123/103844.jpg,4.4,56835,315
368,Bible Black,https://cdn.myanimelist.net/images/anime/13/12768.jpg,6.6,43813,484
540,Tenchi Muyou! Ryououki 2nd Season,https://cdn.myanimelist.net/images/anime/1/2437.jpg,7.7,20486,81
39058,Megane no Megami,https://cdn.myanimelist.net/images/anime/1812/115088.jpg,7.4,3947,44
5391,Pico to Chico,https://cdn.myanimelist.net/images/anime/9/39499.jpg,4.4,61086,314
13851,To LOVE-Ru Darkness OVA,https://cdn.myanimelist.net/images/anime/9/41251.jpg,7.6,85866,201
917,Riding Bean,https://cdn.myanimelist.net/images/anime/1310/112637.jpg,7.1,10803,70
37773,"Yuru Yuri,",https://cdn.myanimelist.net/images/anime/1138/99547.jpg,7.7,12762,44
5781,Isekai no Seikishi Monogatari,https://cdn.myanimelist.net/images/anime/2/20345.jpg,7.7,98230,1717
11879,Oni Chichi: Re-born,https://cdn.myanimelist.net/images/anime/1917/103846.jpg,7.4,23150,124
1729,Maria-sama ga Miteru 3rd,https://cdn.myanimelist.net/images/anime/6/75209.jpg,7.8,12591,84
10779,Eroge! H mo Game mo Kaihatsu Zanmai,https://cdn.myanimelist.net/images/anime/1988/103841.jpg,7.6,30837,817
48755,Imaizumin Chi wa Douyara Gal no Tamariba ni Natteru Rashii,https://cdn.myanimelist.net/images/anime/1208/114426.jpg,7.9,7194,163
3931,Initial D Battle Stage 2,https://cdn.myanimelist.net/images/anime/3/13167.jpg,7.7,20129,38
12029,Uchuu Senkan Yamato 2199,https://cdn.myanimelist.net/images/anime/2/36607.jpg,8.2,39928,1586
44,Rurouni Kenshin: Meiji Kenkaku Romantan - Tsuioku-hen,https://cdn.myanimelist.net/images/anime/1899/94562.jpg,8.7,163941,5822
822,Initial D Extra Stage,https://cdn.myanimelist.net/images/anime/8/13169.jpg,7.3,36170,70
39530,Ecchi na Onee-chan ni Shiboraretai,https://cdn.myanimelist.net/images/anime/1150/113905.jpg,7.4,7606,114
38422,High Score Girl: Extra Stage,https://cdn.myanimelist.net/images/anime/1057/111384.jpg,8.0,51567,136
821,Initial D Battle Stage,https://cdn.myanimelist.net/images/anime/2/13168.jpg,7.6,25143,90
8918,Princess Lover! OVA,https://cdn.myanimelist.net/images/anime/1967/103842.jpg,6.7,24043,116
6904,Hellsing: Digest for Freaks,https://cdn.myanimelist.net/images/anime/7/26935.jpg,7.7,23165,60
10048,Fuyu no Semi Special,https://cdn.myanimelist.net/images/anime/9/27755.jpg,7.0,2825,6
6041,Honoo no Haramase Doukyuusei,https://cdn.myanimelist.net/images/anime/10/13159.jpg,6.7,3784,15
5228,Initial D Extra Stage 2,https://cdn.myanimelist.net/images/anime/10/10462.jpg,7.4,26016,53
20651,Natsume Yuujinchou: Itsuka Yuki no Hi ni,https://cdn.myanimelist.net/images/anime/11/79742.jpg,8.3,45794,99
30709,Kamisama Hajimemashita: Kako-hen,https://cdn.myanimelist.net/images/anime/3/81250.jpg,8.4,99554,863
2148,Okane ga Nai,https://cdn.myanimelist.net/images/anime/8/88352.jpg,6.2,34955,151
43465,Ijirare: Fukushuu Saimin,https://cdn.myanimelist.net/images/anime/1975/109799.jpg,7.4,7964,122
139,Hunter x Hunter: Greed Island Final,https://cdn.myanimelist.net/images/anime/1/139.jpg,8.3,105546,225
4399,Honoo no Haramase Tenkousei,https://cdn.myanimelist.net/images/anime/1198/104004.jpg,6.7,4583,27
32587,Shoujo Ramune,https://cdn.myanimelist.net/images/anime/2/82476.jpg,6.8,20940,455
11827,Kuroinu: Kedakaki Seijo wa Hakudaku ni Somaru,https://cdn.myanimelist.net/images/anime/1933/103847.jpg,7.4,19297,637
5719,Sex Pistols,https://cdn.myanimelist.net/images/anime/9/23742.jpg,6.6,22527,79
601,Nekojiru-sou,https://cdn.myanimelist.net/images/anime/5/84241.jpg,7.3,44002,795
23225,Yuru Yuri Nachuyachumi!,https://cdn.myanimelist.net/images/anime/2/73281.jpg,7.9,49029,139
36214,Asagao to Kase-san.,https://cdn.myanimelist.net/images/anime/1578/94205.jpg,7.8,45851,856
15537,Tsugou no Yoi Sexfriend?,https://cdn.myanimelist.net/images/anime/1787/115744.jpg,7.5,10476,160
15843,Koiito Kinenbi The Animation,https://cdn.myanimelist.net/images/anime/1227/103858.jpg,7.5,9574,124
15117,Kami nomi zo Shiru Sekai: Tenri-hen,https://cdn.myanimelist.net/images/anime/11/43359.jpg,7.7,106490,103
41848,Isekai Harem Monogatari,https://cdn.myanimelist.net/images/anime/1798/112703.jpg,7.6,8156,163
2238,Fuyu no Semi,https://cdn.myanimelist.net/images/anime/1/2443.jpg,7.5,13590,140
1639,Boku no Pico,https://cdn.myanimelist.net/images/anime/12/39497.jpg,4.3,135993,1602
12375,Maki-chan to Now.,https://cdn.myanimelist.net/images/anime/7/85630.jpg,7.4,14001,198
39392,Master Piece The Animation,https://cdn.myanimelist.net/images/anime/1195/101107.jpg,7.8,12616,315
22069,Swing Out Sisters (2014),https://cdn.myanimelist.net/images/anime/1132/91740.jpg,7.5,11397,196
137,Hunter x Hunter: Original Video Animation,https://cdn.myanimelist.net/images/anime/1/137.jpg,8.3,89226,359
885,Tenshi no Tamago,https://cdn.myanimelist.net/images/anime/11/63181.jpg,7.7,58492,2582
949,Top wo Nerae! Gunbuster,https://cdn.myanimelist.net/images/anime/1303/92309.jpg,7.9,56218,2450
36720,Youkoso! Sukebe Elf no Mori e,https://cdn.myanimelist.net/images/anime/1406/91062.jpg,7.6,9773,275
40262,Haikyuu!! Riku vs. Kuu,https://cdn.myanimelist.net/images/anime/1527/102671.jpg,7.8,197018,512
31886,Dropout,https://cdn.myanimelist.net/images/anime/1638/105305.jpg,6.9,22316,234
320,A Kite,https://cdn.myanimelist.net/images/anime/1224/113092.jpg,6.6,39011,239
21521,Futa-bu!,https://cdn.myanimelist.net/images/anime/1943/103851.jpg,7.2,19075,370
741,Sensitive Pornograph,https://cdn.myanimelist.net/images/anime/12/27084.jpg,6.7,37823,163
41261,Ane wa Yanmama Junyuu-chuu,https://cdn.myanimelist.net/images/anime/1810/105977.jpg,7.8,14435,365
8063,Sekaiichi Hatsukoi OVA,https://cdn.myanimelist.net/images/anime/11/35863.jpg,7.9,54032,118
13221,Kyonyuu Fantasy,https://cdn.myanimelist.net/images/anime/1319/103850.jpg,7.4,15349,342
34480,Shokugeki no Souma: Ni no Sara OVA,https://cdn.myanimelist.net/images/anime/1032/96640.jpg,7.5,108906,103
10380,Oni Chichi: Re-birth,https://cdn.myanimelist.net/images/anime/1479/103843.jpg,7.2,25643,118
13767,Junjou Romantica OVA,https://cdn.myanimelist.net/images/anime/6/60389.jpg,7.8,33501,71
4473,Shoujo Sect,https://cdn.myanimelist.net/images/anime/1088/116195.jpg,6.7,17511,143
25345,Rance 01: Hikari wo Motomete The Animation,https://cdn.myanimelist.net/images/anime/10/67287.jpg,7.6,19664,402
21829,Fella Pure: Mitarashi-san Chi no Jijou The Animation,https://cdn.myanimelist.net/images/anime/2/74935.jpg,7.4,18447,323
747,Haru wo Daite Ita,https://cdn.myanimelist.net/images/anime/6/3718.jpg,6.7,20722,68
10851,Euphoria,https://cdn.myanimelist.net/images/anime/11/75721.jpg,5.9,45550,655
25781,Shingeki no Kyojin: Kuinaki Sentaku,https://cdn.myanimelist.net/images/anime/8/69497.jpg,8.4,361763,1726
8634,Koisuru Boukun,https://cdn.myanimelist.net/images/anime/8/26233.jpg,7.0,53806,302
24641,Baku Ane: Otouto Shibocchau zo! The Animation,https://cdn.myanimelist.net/images/anime/4/63429.jpg,7.4,22925,387
5902,Hyakujitsu no Bara,https://cdn.myanimelist.net/images/anime/5/34517.jpg,6.6,25649,80
820,Ginga Eiyuu Densetsu,https://cdn.myanimelist.net/images/anime/13/13225.jpg,8.7,61866,14274
227,FLCL,https://cdn.myanimelist.net/images/anime/7/77356.jpg,8.0,468086,26059
3702,Detroit Metal City,https://cdn.myanimelist.net/images/anime/3/9853.jpg,8.1,121445,3074
7411,Kanojo x Kanojo x Kanojo: Sanshimai to no DokiDoki Kyoudou Seikatsu,https://cdn.myanimelist.net/images/anime/1554/116159.jpg,7.5,31896,519
37585,Yarichin☆Bitch-bu,https://cdn.myanimelist.net/images/anime/1431/91369.jpg,6.3,67586,760
30583,Futa-bu! Mix: Futanari World,https://cdn.myanimelist.net/images/anime/12/74645.jpg,6.7,10168,70
28779,Futa-bu!!,https://cdn.myanimelist.net/images/anime/7/77908.jpg,7.2,13786,135
746,Papa to Kiss in the Dark,https://cdn.myanimelist.net/images/anime/5/11100.jpg,6.0,40922,122
31704,One Punch Man: Road to Hero,https://cdn.myanimelist.net/images/anime/8/76392.jpg,7.7,250189,309
5784,Ai no Kusabi (2012),https://cdn.myanimelist.net/images/anime/7/75531.jpg,6.6,21031,102
11135,Hybrid Child,https://cdn.myanimelist.net/images/anime/4/65605.jpg,7.6,49804,461
29575,Mankitsu Happening,https://cdn.myanimelist.net/images/anime/1478/116399.jpg,7.8,32826,731
22429,Itadaki! Seieki♥,https://cdn.myanimelist.net/images/anime/1484/116651.jpg,7.5,47206,699
719,Ai no Kusabi,https://cdn.myanimelist.net/images/anime/8/6531.jpg,7.1,26105,363
2432,Discipline,https://cdn.myanimelist.net/images/anime/9/4536.jpg,6.9,19313,217
32366,Gintama°: Aizome Kaori-hen,https://cdn.myanimelist.net/images/anime/8/79704.jpg,8.4,50980,125
6893,Oni Chichi,https://cdn.myanimelist.net/images/anime/1793/103867.jpg,7.0,39256,413
268,Golden Boy,https://cdn.myanimelist.net/images/anime/3/62867.jpg,8.0,211840,4462
10937,Mobile Suit Gundam: The Origin,https://cdn.myanimelist.net/images/anime/4/72702.jpg,8.3,25083,725
777,Hellsing Ultimate,https://cdn.myanimelist.net/images/anime/6/7333.jpg,8.4,480025,18869
3210,Ikoku Irokoi Romantan,https://cdn.myanimelist.net/images/anime/9/27506.jpg,7.0,35127,101
9130,Saint Seiya: The Lost Canvas - Meiou Shinwa 2,https://cdn.myanimelist.net/images/anime/12/29597.jpg,8.1,51924,304
51071,Pukkulapottas to Mori no Jikan,https://cdn.myanimelist.net/images/anime/1619/121068.jpg,,17,0
49956,Changbaekhan Eolkuldeul,https://cdn.myanimelist.net/images/anime/1718/118175.jpg,,17,0
50206,Takano Kousaten,https://cdn.myanimelist.net/images/anime/1228/120352.jpg,7.0,502,2
42476,Detective Conan: The Burning Galactic Railway,https://cdn.myanimelist.net/images/anime/1318/108547.jpg,7.8,352,1
42886,Ginga Eiyuu Densetsu: Die Neue These - Gekitotsu,https://cdn.myanimelist.net/images/anime/1176/109218.jpg,8.1,0,36
41781,BanG Dream! Movie: Episode of Roselia - II: Song I Am.,https://cdn.myanimelist.net/images/anime/1246/115689.jpg,8.1,1773,57
9617,K-On! Movie,https://cdn.myanimelist.net/images/anime/5/76233.jpg,8.3,219576,2367
10408,Hotarubi no Mori e,https://cdn.myanimelist.net/images/anime/1599/112267.jpg,8.3,513409,9285
49310,Fruits Basket: Prelude,https://cdn.myanimelist.net/images/anime/1034/120096.jpg,8.6,223,325
32,Neon Genesis Evangelion: The End of Evangelion,https://cdn.myanimelist.net/images/anime/1404/98182.jpg,8.5,645196,23390
9790,Sora no Otoshimono: Tokeijikake no Angeloid,https://cdn.myanimelist.net/images/anime/1551/112732.jpg,7.6,96009,259
49977,Candy.zip,https://cdn.myanimelist.net/images/anime/1483/118391.jpg,5.8,199,0
49976,Look at Me Only,https://cdn.myanimelist.net/images/anime/1689/118390.jpg,6.2,184,0
39486,Gintama: The Final,https://cdn.myanimelist.net/images/anime/1988/113791.jpg,8.8,46274,3274
9288,Heartcatch Precure! Movie: Hana no Miyako de Fashion Show... Desu ka!?,https://cdn.myanimelist.net/images/anime/5/25737.jpg,7.7,4612,12
48780,Dakaretai Otoko 1-i ni Odosarete Imasu. Movie: Spain-hen,https://cdn.myanimelist.net/images/anime/1062/116821.jpg,8.2,443,341
40664,Shoujo☆Kageki Revue Starlight Movie,https://cdn.myanimelist.net/images/anime/1378/119190.jpg,8.7,2671,232
22419,Acchi wa Kocchi,https://cdn.myanimelist.net/images/anime/1908/119359.jpg,7.1,3287,38
2313,Muumindani no Suisei,https://cdn.myanimelist.net/images/anime/12/3984.jpg,7.7,6284,34
36370,Ginga Eiyuu Densetsu: Die Neue These - Seiran 2,https://cdn.myanimelist.net/images/anime/1215/103351.jpg,8.1,11459,37
36371,Ginga Eiyuu Densetsu: Die Neue These - Seiran 3,https://cdn.myanimelist.net/images/anime/1782/103917.jpg,8.2,11246,69
528,Pokemon Movie 01: Mewtwo no Gyakushuu,https://cdn.myanimelist.net/images/anime/13/65699.jpg,7.6,226372,351
437,Perfect Blue,https://cdn.myanimelist.net/images/anime/11/79127.jpg,8.5,355187,14114
13119,Hakuouki Movie 2: Shikon Soukyuu,https://cdn.myanimelist.net/images/anime/12/71796.jpg,7.8,10010,62
31758,Kizumonogatari III: Reiketsu-hen,https://cdn.myanimelist.net/images/anime/1084/112813.jpg,8.8,283716,6452
1078,Cardcaptor Sakura: Kero-chan ni Omakase!,https://cdn.myanimelist.net/images/anime/13/28850.jpg,7.4,23566,32
13117,Hakuouki Movie 1: Kyoto Ranbu,https://cdn.myanimelist.net/images/anime/9/49399.jpg,7.7,13030,72
28755,Boruto: Naruto the Movie,https://cdn.myanimelist.net/images/anime/4/78280.jpg,7.4,362863,838
6795,Genius Party Beyond,https://cdn.myanimelist.net/images/anime/11/18914.jpg,7.2,9790,64
40853,Stand By Me Doraemon 2,https://cdn.myanimelist.net/images/anime/1842/109657.jpg,8.3,9388,87
1096,Kidou Keisatsu Patlabor 2 the Movie,https://cdn.myanimelist.net/images/anime/6/74764.jpg,7.9,17330,577
1441,Ginga Tetsudou no Yoru,https://cdn.myanimelist.net/images/anime/6/64861.jpg,7.3,9152,270
40314,Sekaiichi Hatsukoi: Propose-hen,https://cdn.myanimelist.net/images/anime/1896/102829.jpg,7.5,9368,81
7311,Suzumiya Haruhi no Shoushitsu,https://cdn.myanimelist.net/images/anime/1248/112352.jpg,8.6,357826,12382
38040,Kono Subarashii Sekai ni Shukufuku wo! Movie: Kurenai Densetsu,https://cdn.myanimelist.net/images/anime/1638/119321.jpg,8.5,487815,4194
28881,New Initial D Movie: Legend 2 - Tousou,https://cdn.myanimelist.net/images/anime/6/72246.jpg,7.8,16929,39
3786,Evangelion: 3.0+1.0 Thrice Upon a Time,https://cdn.myanimelist.net/images/anime/1422/113533.jpg,8.6,110962,5099
1367,Detective Conan Movie 08: Magician of the Silver Sky,https://cdn.myanimelist.net/images/anime/2/20982.jpg,8.1,44773,34
164,Mononoke Hime,https://cdn.myanimelist.net/images/anime/7/75919.jpg,8.7,894722,18177
21419,Detective Conan Movie 18: The Sniper from Another Dimension,https://cdn.myanimelist.net/images/anime/11/60289.jpg,8.1,31549,33
30952,New Initial D Movie: Legend 3 - Mugen,https://cdn.myanimelist.net/images/anime/9/76759.jpg,7.8,14569,48
431,Howl no Ugoku Shiro,https://cdn.myanimelist.net/images/anime/5/75810.jpg,8.7,976659,22387
9963,Detective Conan Movie 15: Quarter of Silence,https://cdn.myanimelist.net/images/anime/9/32035.jpg,8.0,36712,38
6162,Tailenders,https://cdn.myanimelist.net/images/anime/1485/99932.jpg,6.7,11437,29
15335,Gintama Movie 2: Kanketsu-hen - Yorozuya yo Eien Nare,https://cdn.myanimelist.net/images/anime/10/51723.jpg,8.8,146690,1974
1506,Detective Conan Movie 10: Requiem of the Detectives,https://cdn.myanimelist.net/images/anime/1919/94322.jpg,8.1,43826,36
16870,The Last: Naruto the Movie,https://cdn.myanimelist.net/images/anime/10/67631.jpg,7.8,457588,1768
19613,New Initial D Movie: Legend 1 - Kakusei,https://cdn.myanimelist.net/images/anime/7/75648.jpg,7.8,21411,65
430,Fullmetal Alchemist: The Conqueror of Shamballa,https://cdn.myanimelist.net/images/anime/1707/94039.jpg,7.6,264973,581
3508,Genius Party,https://cdn.myanimelist.net/images/anime/1910/98828.jpg,7.2,14837,63
43,Koukaku Kidoutai,https://cdn.myanimelist.net/images/anime/10/82594.jpg,8.3,367672,10915
1363,Detective Conan Movie 04: Captured in Her Eyes,https://cdn.myanimelist.net/images/anime/1196/94319.jpg,8.0,49928,81
781,Detective Conan Movie 03: The Last Wizard of the Century,https://cdn.myanimelist.net/images/anime/1831/94317.jpg,8.0,53313,66
36098,Kimi no Suizou wo Tabetai,https://cdn.myanimelist.net/images/anime/1768/93291.jpg,8.6,530875,16330
6675,Redline,https://cdn.myanimelist.net/images/anime/12/28553.jpg,8.3,214125,4630
38329,Seishun Buta Yarou wa Yumemiru Shoujo no Yume wo Minai,https://cdn.myanimelist.net/images/anime/1613/102179.jpg,8.6,433577,8782
187,Initial D Third Stage,https://cdn.myanimelist.net/images/anime/13/40397.jpg,7.9,122610,535
48561,Jujutsu Kaisen 0 Movie,https://cdn.myanimelist.net/images/anime/1121/119044.jpg,8.6,26197,5231
2397,Digimon Adventure: Bokura no War Game!,https://cdn.myanimelist.net/images/anime/12/72451.jpg,7.8,63503,286
39761,Saezuru Tori wa Habatakanai: The Clouds Gather,https://cdn.myanimelist.net/images/anime/1070/110685.jpg,7.5,15234,244
40080,Quanzhi Gaoshou Zhi Dianfeng Rongyao,https://cdn.myanimelist.net/images/anime/1960/102480.jpg,8.1,26382,110
42916,Sword Art Online: Progressive Movie - Hoshi Naki Yoru no Aria,https://cdn.myanimelist.net/images/anime/1590/116274.jpg,8.0,15602,1668
36862,Made in Abyss Movie 3: Fukaki Tamashii no Reimei,https://cdn.myanimelist.net/images/anime/1502/110723.jpg,8.7,169922,2514
33674,No Game No Life: Zero,https://cdn.myanimelist.net/images/anime/1085/90759.jpg,8.2,539486,7073
28957,Mushishi Zoku Shou: Suzu no Shizuku,https://cdn.myanimelist.net/images/anime/9/72689.jpg,8.5,59316,192
372,Cardcaptor Sakura Movie 2: Fuuin Sareta Card,https://cdn.myanimelist.net/images/anime/1652/90326.jpg,8.2,89036,403
12355,Ookami Kodomo no Ame to Yuki,https://cdn.myanimelist.net/images/anime/9/35721.jpg,8.6,521967,10404
8246,Naruto: Shippuuden Movie 4 - The Lost Tower,https://cdn.myanimelist.net/images/anime/1479/116734.jpg,7.4,195189,181
3785,Evangelion: 3.0 You Can (Not) Redo,https://cdn.myanimelist.net/images/anime/9/43201.jpg,7.6,282175,1627
21469,Stand By Me Doraemon,https://cdn.myanimelist.net/images/anime/9/65571.jpg,8.1,37252,181
35842,FLCL Alternative,https://cdn.myanimelist.net/images/anime/1494/93701.jpg,6.5,28775,110
2847,Pokemon Movie 10: Dialga vs. Palkia vs. Darkrai,https://cdn.myanimelist.net/images/anime/1119/94419.jpg,7.3,94633,105
543,Vampire Hunter D (2000),https://cdn.myanimelist.net/images/anime/9/21432.jpg,7.9,103697,1579
522,Metropolis,https://cdn.myanimelist.net/images/anime/4/75601.jpg,7.5,51320,533
36538,Natsume Yuujinchou Movie: Utsusemi ni Musubu,https://cdn.myanimelist.net/images/anime/1250/94846.jpg,8.4,26486,166
4107,Tengen Toppa Gurren Lagann Movie 1: Gurren-hen,https://cdn.myanimelist.net/images/anime/1270/115752.jpg,8.2,103918,359
1526,Pokemon Movie 08: Mew to Hadou no Yuusha Lucario,https://cdn.myanimelist.net/images/anime/6/79257.jpg,7.3,98523,115
10589,Naruto: Shippuuden Movie 5 - Blood Prison,https://cdn.myanimelist.net/images/anime/13/41403.jpg,7.5,184933,162
20815,Sekaiichi Hatsukoi: Valentine-hen,https://cdn.myanimelist.net/images/anime/5/55723.jpg,7.8,27578,54
5365,Tsumiki no Ie,https://cdn.myanimelist.net/images/anime/1063/117013.jpg,8.0,61577,460
20371,Sekaiichi Hatsukoi Movie: Yokozawa Takafumi no Baai,https://cdn.myanimelist.net/images/anime/11/65927.jpg,7.9,44870,204
570,Jin-Rou,https://cdn.myanimelist.net/images/anime/1323/103343.jpg,7.8,82613,1515
1365,Detective Conan Movie 06: The Phantom of Baker Street,https://cdn.myanimelist.net/images/anime/1400/94320.jpg,8.3,60124,206
40456,Kimetsu no Yaiba Movie: Mugen Ressha-hen,https://cdn.myanimelist.net/images/anime/1704/106947.jpg,8.7,845091,11184
2961,Digimon Adventure Movie,https://cdn.myanimelist.net/images/anime/3/72452.jpg,7.6,98248,328
37987,Violet Evergarden Movie,https://cdn.myanimelist.net/images/anime/1825/110716.jpg,8.9,191285,6059
9260,Kizumonogatari I: Tekketsu-hen,https://cdn.myanimelist.net/images/anime/1783/112810.jpg,8.4,306878,3038
2418,Stranger: Mukou Hadan,https://cdn.myanimelist.net/images/anime/9/87066.jpg,8.3,182904,2762
1120,Pokemon Movie 05: Mizu no Miyako no Mamorigami Latias to Latios,https://cdn.myanimelist.net/images/anime/2/21317.jpg,7.2,100925,97
4026,Pokemon Movie 11: Giratina to Sora no Hanataba Sheimi,https://cdn.myanimelist.net/images/anime/3/21316.jpg,6.9,74130,30
1943,Paprika,https://cdn.myanimelist.net/images/anime/1929/93629.jpg,8.0,289230,3644
16782,Kotonoha no Niwa,https://cdn.myanimelist.net/images/anime/1597/112995.jpg,7.9,558233,6194
35677,Liz to Aoi Tori,https://cdn.myanimelist.net/images/anime/1638/93032.jpg,8.2,49903,1979
31658,Kuroko no Basket Movie 4: Last Game,https://cdn.myanimelist.net/images/anime/2/83106.jpg,8.1,193144,874
31765,Sword Art Online Movie: Ordinal Scale,https://cdn.myanimelist.net/images/anime/4/83811.jpg,7.6,524072,3333
3784,Evangelion: 2.0 You Can (Not) Advance,https://cdn.myanimelist.net/images/anime/5/74983.jpg,8.3,365818,3083
468,Innocence,https://cdn.myanimelist.net/images/anime/10/75628.jpg,7.8,105073,882
33010,FLCL Progressive,https://cdn.myanimelist.net/images/anime/1499/93700.jpg,6.4,41455,212
30346,Doukyuusei (Movie),https://cdn.myanimelist.net/images/anime/3/78606.jpg,8.3,155837,5188
5,Cowboy Bebop: Tengoku no Tobira,https://cdn.myanimelist.net/images/anime/1439/93480.jpg,8.4,243808,1246
12113,Berserk: Ougon Jidai-hen II - Doldrey Kouryaku,https://cdn.myanimelist.net/images/anime/12/37193.jpg,7.9,154404,595
441,Shoujo Kakumei Utena: Adolescence Mokushiroku,https://cdn.myanimelist.net/images/anime/1268/107516.jpg,7.6,29927,516
11981,Mahou Shoujo Madoka★Magica Movie 3: Hangyaku no Monogatari,https://cdn.myanimelist.net/images/anime/5/54231.jpg,8.5,252186,7560
617,Juubee Ninpuuchou,https://cdn.myanimelist.net/images/anime/1834/116568.jpg,7.6,76815,930
1122,Pokemon Movie 07: Rekkuu no Houmonsha Deoxys,https://cdn.myanimelist.net/images/anime/9/21313.jpg,7.0,96103,37
11977,Mahou Shoujo Madoka★Magica Movie 1: Hajimari no Monogatari,https://cdn.myanimelist.net/images/anime/6/42331.jpg,8.2,130450,870
40787,Josee to Tora to Sakana-tachi,https://cdn.myanimelist.net/images/anime/1714/108892.jpg,8.5,149214,4314
40615,Umibe no Étranger,https://cdn.myanimelist.net/images/anime/1668/108792.jpg,8.0,73266,2062
28851,Koe no Katachi,https://cdn.myanimelist.net/images/anime/1122/96435.jpg,8.9,1619978,73531
1117,Pokemon Movie 02: Maboroshi no Pokemon Lugia Bakutan,https://cdn.myanimelist.net/images/anime/11/41801.jpg,7.4,164774,187
2759,Evangelion: 1.0 You Are (Not) Alone,https://cdn.myanimelist.net/images/anime/7/74975.jpg,8.0,383148,1593
40421,Given Movie,https://cdn.myanimelist.net/images/anime/1648/111422.jpg,8.2,121497,1336
31757,Kizumonogatari II: Nekketsu-hen,https://cdn.myanimelist.net/images/anime/1981/112812.jpg,8.6,290252,2102
11979,Mahou Shoujo Madoka★Magica Movie 2: Eien no Monogatari,https://cdn.myanimelist.net/images/anime/6/42265.jpg,8.4,130524,991
36885,Saenai Heroine no Sodatekata Fine,https://cdn.myanimelist.net/images/anime/1671/111411.jpg,8.4,73913,2033
13667,Naruto: Shippuuden Movie 6 - Road to Ninja,https://cdn.myanimelist.net/images/anime/1620/94336.jpg,7.7,264583,437
3016,Ginga Eiyuu Densetsu: Arata Naru Tatakai no Overture,https://cdn.myanimelist.net/images/anime/8/22498.jpg,8.0,19373,51
199,Sen to Chihiro no Kamikakushi,https://cdn.myanimelist.net/images/anime/6/79597.jpg,8.8,1415526,27537
21339,Psycho-Pass Movie,https://cdn.myanimelist.net/images/anime/8/71793.jpg,7.7,163043,500
7472,Gintama Movie 1: Shinyaku Benizakura-hen,https://cdn.myanimelist.net/images/anime/4/28803.jpg,8.5,108037,545
1121,Pokemon Movie 06: Nanayo no Negaiboshi Jirachi,https://cdn.myanimelist.net/images/anime/13/75733.jpg,6.8,82073,21
1118,Pokemon Movie 03: Kesshoutou no Teiou Entei,https://cdn.myanimelist.net/images/anime/7/80288.jpg,7.1,154878,134
21899,Gintama: Yorinuki Gintama-san on Theater 2D,https://cdn.myanimelist.net/images/anime/1172/90571.jpg,8.3,21662,42
4437,Naruto: Shippuuden Movie 2 - Kizuna,https://cdn.myanimelist.net/images/anime/3/17830.jpg,7.3,208949,214
37055,Youjo Senki Movie,https://cdn.myanimelist.net/images/anime/1249/117182.jpg,8.2,147135,871
1119,Pokemon Movie 04: Celebi Toki wo Koeta Deai,https://cdn.myanimelist.net/images/anime/2/41799.jpg,6.9,132645,65
875,Mind Game,https://cdn.myanimelist.net/images/anime/1861/112656.jpg,7.8,33303,901
12115,Berserk: Ougon Jidai-hen III - Kourin,https://cdn.myanimelist.net/images/anime/12/41305.jpg,8.2,157282,1337
1364,Detective Conan Movie 05: Countdown to Heaven,https://cdn.myanimelist.net/images/anime/1144/92654.jpg,8.1,50672,45
36999,Zoku Owarimonogatari,https://cdn.myanimelist.net/images/anime/1022/96168.jpg,8.4,109183,829
1689,Byousoku 5 Centimeter,https://cdn.myanimelist.net/images/anime/1410/112994.jpg,7.6,620512,10056
4565,Tengen Toppa Gurren Lagann Movie 2: Lagann-hen,https://cdn.myanimelist.net/images/anime/12/19698.jpg,8.6,126736,867
33050,Fate/stay night Movie: Heaven's Feel - III. Spring Song,https://cdn.myanimelist.net/images/anime/1142/112957.jpg,8.7,153843,6426
5205,Kara no Kyoukai 7: Satsujin Kousatsu (Go),https://cdn.myanimelist.net/images/anime/9/56619.jpg,8.4,130692,2156
6467,Detective Conan Movie 14: The Lost Ship in the Sky,https://cdn.myanimelist.net/images/anime/7/22312.jpg,8.1,43619,44
578,Hotaru no Haka,https://cdn.myanimelist.net/images/anime/7/75808.jpg,8.5,417741,6488
38234,One Piece Movie 14: Stampede,https://cdn.myanimelist.net/images/anime/1221/100550.jpg,8.2,101963,542
32281,Kimi no Na wa.,https://cdn.myanimelist.net/images/anime/5/87048.jpg,8.8,1968008,79471
47,Akira,https://cdn.myanimelist.net/images/anime/1408/114012.jpg,8.2,534943,10994
3220,Kanashimi no Belladonna,https://cdn.myanimelist.net/images/anime/11/24740.jpg,7.1,14498,476
3603,JoJo no Kimyou na Bouken: Phantom Blood,https://cdn.myanimelist.net/images/anime/5/50055.jpg,7.7,36826,558
36946,Dragon Ball Super: Broly,https://cdn.myanimelist.net/images/anime/1575/93498.jpg,8.2,270318,2159
32005,Detective Conan Movie 20: The Darkest Nightmare,https://cdn.myanimelist.net/images/anime/10/78894.jpg,8.1,28206,85
4282,Kara no Kyoukai 5: Mujun Rasen,https://cdn.myanimelist.net/images/anime/1574/112838.jpg,8.5,152646,4214
5460,Detective Conan Movie 13: The Raven Chaser,https://cdn.myanimelist.net/images/anime/2/22558.jpg,8.2,45157,62
11553,Toradora!: Bentou no Gokui,https://cdn.myanimelist.net/images/anime/1756/104652.jpg,7.4,135475,133
50360,Mushoku Tensei: Isekai Ittara Honki Dasu Special,https://cdn.myanimelist.net/images/anime/1094/120148.jpg,8.1,26160,275
645,Hikaru no Go: Hokuto Hai e no Michi,https://cdn.myanimelist.net/images/anime/12/78453.jpg,8.0,17014,32
8038,Nodame Cantabile: Finale - Mine to Kiyora no Saikai,https://cdn.myanimelist.net/images/anime/8/19590.jpg,7.8,30501,33
12725,Initial D: Project D to the Next Stage - Project D e Mukete,https://cdn.myanimelist.net/images/anime/12/35739.jpg,7.6,5794,3
3469,Maria-sama ga Miteru: Haru Specials,https://cdn.myanimelist.net/images/anime/8/5782.jpg,7.3,5562,4
3468,Maria-sama ga Miteru Specials,https://cdn.myanimelist.net/images/anime/10/14338.jpg,7.4,6317,6
644,Hachimitsu to Clover Specials,https://cdn.myanimelist.net/images/anime/1657/106011.jpg,7.7,21215,43
2994,Death Note: Rewrite,https://cdn.myanimelist.net/images/anime/13/8518.jpg,7.7,120133,519
34534,Natsume Yuujinchou Go Specials,https://cdn.myanimelist.net/images/anime/3/84887.jpg,8.3,25415,51
38999,Watashi ni Tenshi ga Maiorita! Special,https://cdn.myanimelist.net/images/anime/1057/98215.jpg,7.4,19601,17
11113,Usagi Drop Specials,https://cdn.myanimelist.net/images/anime/7/30759.jpg,8.0,52751,36
2449,Koukaku Kidoutai: Stand Alone Complex - The Laughing Man,https://cdn.myanimelist.net/images/anime/3/21835.jpg,8.1,22932,49
30902,Yuru Yuri Nachuyachumi!+,https://cdn.myanimelist.net/images/anime/2/75992.jpg,7.8,36848,82
36796,Owarimonogatari 2nd Season Recaps,https://cdn.myanimelist.net/images/anime/9/88962.jpg,7.9,12976,39
34036,Detective Conan: Episode One - The Great Detective Turned Small,https://cdn.myanimelist.net/images/anime/5/81968.jpg,8.2,18731,50
9735,Gintama: Shinyaku Benizakura-hen,https://cdn.myanimelist.net/images/anime/12/26966.jpg,8.2,25879,48
1566,Koukaku Kidoutai: Stand Alone Complex - Solid State Society,https://cdn.myanimelist.net/images/anime/4/29816.jpg,8.1,60444,225
10083,Shiki Specials,https://cdn.myanimelist.net/images/anime/3/36543.jpg,7.8,51290,75
19511,Naruto: Shippuuden - Sunny Side Battle,https://cdn.myanimelist.net/images/anime/1047/91638.jpg,7.6,50684,147
37596,Poputepipikku TV Special,https://cdn.myanimelist.net/images/anime/1091/100387.jpg,7.4,10822,17
15291,Hyakujitsu no Bara: Jinginaki Nikukyuu-hen,https://cdn.myanimelist.net/images/anime/9/83180.jpg,6.7,6194,13
24687,Mushishi Zoku Shou: Odoro no Michi,https://cdn.myanimelist.net/images/anime/8/63539.jpg,8.4,58295,112
21329,Mushishi: Hihamukage,https://cdn.myanimelist.net/images/anime/10/59315.jpg,8.5,79046,165
25313,Gintama': Futon ni Haitte kara Buki Nokoshi ni Kizuite Neru ni Nerenai Toki mo Aru,https://cdn.myanimelist.net/images/anime/1327/110925.jpg,8.1,23559,62
6945,Gintama: Shiroyasha Koutan,https://cdn.myanimelist.net/images/anime/6/16161.jpg,8.3,44357,82
6553,Junjou Romantica Special,https://cdn.myanimelist.net/images/anime/11/14958.jpg,7.5,26198,66
6127,Toradora!: SOS! Kuishinbou Banbanzai,https://cdn.myanimelist.net/images/anime/6/59833.jpg,6.4,73316,79
6862,K-On!: Live House!,https://cdn.myanimelist.net/images/anime/9/15892.jpg,7.8,122138,242
20159,Pokemon: The Origin,https://cdn.myanimelist.net/images/anime/7/53701.jpg,7.8,188608,609
44087,Gintama: The Semi-Final,https://cdn.myanimelist.net/images/anime/1694/110521.jpg,8.5,29684,203
31772,One Punch Man Specials,https://cdn.myanimelist.net/images/anime/1452/97840.jpg,7.7,224428,319
31711,To LOVE-Ru Darkness 2nd Specials,https://cdn.myanimelist.net/images/anime/9/79330.jpg,7.6,66715,149
23479,Itadaki! Seieki♥ Special,https://cdn.myanimelist.net/images/anime/1053/116652.jpg,7.2,22058,68
36275,Natsume Yuujinchou Roku Specials,https://cdn.myanimelist.net/images/anime/10/87615.jpg,8.3,24390,65
32188,Steins;Gate: Kyoukaimenjou no Missing Link - Divide By Zero,https://cdn.myanimelist.net/images/anime/7/77324.jpg,8.2,173557,351
